日期,品种,标的,多空,数量,可用数量,收盘价/结算价,市值/价值,盈亏/逐笔浮盈,开仓均价,持仓均价,保证金,盯市浮盈,今手数,仓位占比
2015-01-05,,Cash,,,,,10000000,,,,,,
2015-01-06,股票,富临运业(002357.XSHE),多仓,792300股,792300股,12.9,10220670,205998,12.64,-,0,205998,0股,100%
2015-01-06,,Cash,,,,,-17676.4,,,,,,
2015-01-07,股票,富临运业(002357.XSHE),多仓,792300股,792300股,12.99,10291977,277305,12.64,-,0,71307,0股,100%
2015-01-07,,Cash,,,,,-17676.4,,,,,,
2015-01-08,,Cash,,,,,10245095.63,,,,,,
2015-01-09,股票,富临运业(002357.XSHE),多仓,792900股,792900股,12.92,10244268,-15858,12.94,-,0,-15858,0股,100%
2015-01-09,,Cash,,,,,-18108.41,,,,,,
2015-01-12,股票,富临运业(002357.XSHE),多仓,792900股,792900股,12.68,10053972,-206154,12.94,-,0,-190296,0股,100%
2015-01-12,,Cash,,,,,-18108.41,,,,,,
2015-01-13,股票,富临运业(002357.XSHE),多仓,792900股,792900股,12.77,10125333,-134793,12.94,-,0,71361,0股,100%
2015-01-13,,Cash,,,,,-18108.41,,,,,,
2015-01-14,股票,富临运业(002357.XSHE),多仓,792900股,792900股,12.89,10220481,-39645,12.94,-,0,95148,0股,100%
2015-01-14,,Cash,,,,,-18108.41,,,,,,
2015-01-15,,Cash,,,,,10181167.27,,,,,,
2015-01-16,股票,重庆燃气(600917.XSHG),多仓,1011000股,1011000股,10.19,10302090,111210,10.08,-,0,111210,0股,100%
2015-01-16,,Cash,,,,,-12769.99,,,,,,
2015-01-19,股票,重庆燃气(600917.XSHG),多仓,1011000股,1011000股,10.05,10160550,-30330,10.08,-,0,-141540,0股,100%
2015-01-19,,Cash,,,,,-12769.99,,,,,,
2015-01-20,股票,重庆燃气(600917.XSHG),多仓,1011000股,1011000股,10.48,10595280,404400,10.08,-,0,434730,0股,100%
2015-01-20,,Cash,,,,,-12769.99,,,,,,
2015-01-21,股票,重庆燃气(600917.XSHG),多仓,1011000股,1011000股,10.58,10696380,505500,10.08,-,0,101100,0股,100%
2015-01-21,,Cash,,,,,-12769.99,,,,,,
2015-01-22,,Cash,,,,,10679801.57,,,,,,
2015-01-23,股票,荣安地产(000517.XSHE),多仓,1288200股,1288200股,8.41,10833762,141702,8.3,-,0,141702,0股,100%
2015-01-23,,Cash,,,,,-15466.05,,,,,,
2015-01-26,股票,荣安地产(000517.XSHE),多仓,1288200股,1288200股,8.42,10846644,154584,8.3,-,0,12882,0股,100%
2015-01-26,,Cash,,,,,-15466.05,,,,,,
2015-01-27,股票,荣安地产(000517.XSHE),多仓,1288200股,1288200股,8.23,10601886,-90174,8.3,-,0,-244758,0股,100%
2015-01-27,,Cash,,,,,-15466.05,,,,,,
2015-01-28,股票,荣安地产(000517.XSHE),多仓,1288200股,1288200股,8.2,10563240,-128820,8.3,-,0,-38646,0股,100%
2015-01-28,,Cash,,,,,-15466.05,,,,,,
2015-01-29,,Cash,,,,,10521176.48,,,,,,
2015-01-30,,Cash,,,,,10521176.48,,,,,,
2015-02-02,,Cash,,,,,10521176.48,,,,,,
2015-02-03,股票,荣安地产(000517.XSHE),多仓,1267600股,1267600股,8.19,10381644,-152112,8.31,-,0,-152112,0股,100%
2015-02-03,,Cash,,,,,-15739.65,,,,,,
2015-02-04,股票,荣安地产(000517.XSHE),多仓,1267600股,1267600股,8.52,10799952,266196,8.31,-,0,418308,0股,100%
2015-02-04,,Cash,,,,,-15739.65,,,,,,
2015-02-05,,Cash,,,,,11048681.88,,,,,,
2015-02-06,股票,深圳能源(000027.XSHE),多仓,1105900股,1105900股,9.53,10539227,-519773,10,-,0,-519773,0股,100%
2015-02-06,,Cash,,,,,-13635.82,,,,,,
2015-02-09,股票,深圳能源(000027.XSHE),多仓,1105900股,1105900股,9.61,10627699,-431301,10,-,0,88472,0股,100%
2015-02-09,,Cash,,,,,-13635.82,,,,,,
2015-02-10,股票,深圳能源(000027.XSHE),多仓,1105900股,1105900股,10.15,11224885,165885,10,-,0,597186,0股,100%
2015-02-10,,Cash,,,,,-13635.82,,,,,,
2015-02-11,股票,深圳能源(000027.XSHE),多仓,1105900股,1105900股,10.11,11180649,121649,10,-,0,-44236,0股,100%
2015-02-11,,Cash,,,,,-13635.82,,,,,,
2015-02-12,,Cash,,,,,11174567.58,,,,,,
2015-02-13,,Cash,,,,,11174567.58,,,,,,
2015-02-16,股票,神火股份(000933.XSHE),多仓,2031700股,2031700股,5.53,11235301,40634,5.51,-,0,40634,0股,100%
2015-02-16,,Cash,,,,,-23457.82,,,,,,
2015-02-17,股票,神火股份(000933.XSHE),多仓,2021200股,2021200股,5.54,11197448,-141484,5.61,-,0,-141484,0股,100%
2015-02-17,,Cash,,,,,-23352.86,,,,,,
2015-02-25,股票,神火股份(000933.XSHE),多仓,2021200股,2021200股,5.5,11116600,-222332,5.61,-,0,-80848,0股,100%
2015-02-25,,Cash,,,,,-23352.86,,,,,,
2015-02-26,股票,神火股份(000933.XSHE),多仓,2021200股,2021200股,5.65,11419780,80848,5.61,-,0,303180,0股,100%
2015-02-26,,Cash,,,,,-23352.86,,,,,,
2015-02-27,股票,神火股份(000933.XSHE),多仓,2010800股,2010800股,5.67,11401236,20108,5.66,-,0,20108,0股,100%
2015-02-27,,Cash,,,,,-23146.64,,,,,,
2015-03-02,股票,神火股份(000933.XSHE),多仓,2010800股,2010800股,5.78,11622424,241296,5.66,-,0,221188,0股,100%
2015-03-02,,Cash,,,,,-23146.64,,,,,,
2015-03-03,股票,神火股份(000933.XSHE),多仓,2010800股,2010800股,5.61,11280588,-100540,5.66,-,0,-341836,0股,100%
2015-03-03,,Cash,,,,,-23146.64,,,,,,
2015-03-04,股票,神火股份(000933.XSHE),多仓,2010800股,2010800股,5.65,11361020,-20108,5.66,-,0,80432,0股,100%
2015-03-04,,Cash,,,,,-23146.64,,,,,,
2015-03-05,,Cash,,,,,11303022.17,,,,,,
2015-03-06,股票,长城动漫(000835.XSHE),多仓,1080500股,1080500股,10.17,10988685,-324150,10.47,-,0,-324150,0股,100%
2015-03-06,,Cash,,,,,-13206.68,,,,,,
2015-03-09,股票,长城动漫(000835.XSHE),多仓,1080500股,1080500股,10.32,11150760,-162075,10.47,-,0,162075,0股,100%
2015-03-09,,Cash,,,,,-13206.68,,,,,,
2015-03-10,股票,长城动漫(000835.XSHE),多仓,1080500股,1080500股,11.35,12263675,950840,10.47,-,0,1112915,0股,100%
2015-03-10,,Cash,,,,,-13206.68,,,,,,
2015-03-11,股票,长城动漫(000835.XSHE),多仓,1080500股,1080500股,12.49,13495445,2182610,10.47,-,0,1231770,0股,100%
2015-03-11,,Cash,,,,,-13206.68,,,,,,
2015-03-12,,Cash,,,,,14640908.17,,,,,,
2015-03-13,股票,众合科技(000925.XSHE),多仓,645500股,645500股,22.69,14646395,-12910,22.71,-,0,-12910,0股,100%
2015-03-13,,Cash,,,,,-22794.62,,,,,,
2015-03-16,股票,众合科技(000925.XSHE),多仓,645500股,645500股,23.19,14969145,309840,22.71,-,0,322750,0股,100%
2015-03-16,,Cash,,,,,-22794.62,,,,,,
2015-03-17,股票,众合科技(000925.XSHE),多仓,645500股,645500股,23.58,15220890,561585,22.71,-,0,251745,0股,100%
2015-03-17,,Cash,,,,,-22794.62,,,,,,
2015-03-18,股票,众合科技(000925.XSHE),多仓,645500股,645500股,23.94,15453270,793965,22.71,-,0,232380,0股,100%
2015-03-18,,Cash,,,,,-22794.62,,,,,,
2015-03-19,,Cash,,,,,15397492.91,,,,,,
2015-03-20,股票,众合科技(000925.XSHE),多仓,649600股,649600股,23.9,15525440,110432,23.73,-,0,110432,0股,100%
2015-03-20,,Cash,,,,,-22139.59,,,,,,
2015-03-23,股票,众合科技(000925.XSHE),多仓,649600股,649600股,25.32,16447872,1032864,23.73,-,0,922432,0股,100%
2015-03-23,,Cash,,,,,-22139.59,,,,,,
2015-03-24,股票,众合科技(000925.XSHE),多仓,649600股,649600股,24.82,16123072,708064,23.73,-,0,-324800,0股,100%
2015-03-24,,Cash,,,,,-22139.59,,,,,,
2015-03-25,股票,众合科技(000925.XSHE),多仓,649600股,649600股,24.46,15889216,474208,23.73,-,0,-233856,0股,100%
2015-03-25,,Cash,,,,,-22139.59,,,,,,
2015-03-26,,Cash,,,,,15885345.76,,,,,,
2015-03-27,股票,众合科技(000925.XSHE),多仓,640500股,640500股,24.64,15781920,-121695,24.83,-,0,-121695,0股,100%
2015-03-27,,Cash,,,,,-23040.32,,,,,,
2015-03-30,股票,众合科技(000925.XSHE),多仓,640500股,640500股,24.88,15935640,32025,24.83,-,0,153720,0股,100%
2015-03-30,,Cash,,,,,-23040.32,,,,,,
2015-03-31,股票,众合科技(000925.XSHE),多仓,640500股,640500股,24.59,15749895,-153720,24.83,-,0,-185745,0股,100%
2015-03-31,,Cash,,,,,-23040.32,,,,,,
2015-04-01,股票,众合科技(000925.XSHE),多仓,640500股,640500股,24.51,15698655,-204960,24.83,-,0,-51240,0股,100%
2015-04-01,,Cash,,,,,-23040.32,,,,,,
2015-04-02,,Cash,,,,,15648809.75,,,,,,
2015-04-03,股票,亚星客车(600213.XSHG),多仓,964100股,964100股,16.1,15522010,-144615,16.25,-,0,-144615,0股,100%
2015-04-03,,Cash,,,,,-22515.24,,,,,,
2015-04-07,股票,亚星客车(600213.XSHG),多仓,964100股,964100股,16.84,16235444,568819,16.25,-,0,713434,0股,100%
2015-04-07,,Cash,,,,,-22515.24,,,,,,
2015-04-08,股票,亚星客车(600213.XSHG),多仓,964100股,964100股,17.24,16621084,954459,16.25,-,0,385640,0股,100%
2015-04-08,,Cash,,,,,-22515.24,,,,,,
2015-04-09,股票,亚星客车(600213.XSHG),多仓,964100股,964100股,16.56,15965496,298871,16.25,-,0,-655588,0股,100%
2015-04-09,,Cash,,,,,-22515.24,,,,,,
2015-04-10,股票,中直股份(600038.XSHG),多仓,351800股,351800股,45.99,16179282,334210,45.04,-,0,334210,0股,100%
2015-04-10,,Cash,,,,,-23884.57,,,,,,
2015-04-13,股票,中直股份(600038.XSHG),多仓,351800股,351800股,46.72,16436096,591024,45.04,-,0,256814,0股,100%
2015-04-13,,Cash,,,,,-23884.57,,,,,,
2015-04-14,股票,中直股份(600038.XSHG),多仓,351800股,351800股,46.56,16379808,534736,45.04,-,0,-56288,0股,100%
2015-04-14,,Cash,,,,,-23884.57,,,,,,
2015-04-15,股票,中直股份(600038.XSHG),多仓,351800股,351800股,44.44,15633992,-211080,45.04,-,0,-745816,0股,100%
2015-04-15,,Cash,,,,,-23884.57,,,,,,
2015-04-16,,Cash,,,,,15312222.54,,,,,,
2015-04-17,股票,生意宝(002095.XSHE),多仓,211400股,211400股,74.68,15787352,462966,72.49,-,0,462966,0股,100%
2015-04-17,,Cash,,,,,-16760.78,,,,,,
2015-04-20,股票,生意宝(002095.XSHE),多仓,211400股,211400股,72.56,15339184,14798,72.49,-,0,-448168,0股,100%
2015-04-20,,Cash,,,,,-16760.78,,,,,,
2015-04-21,股票,生意宝(002095.XSHE),多仓,211400股,211400股,76.6,16193240,868854,72.49,-,0,854056,0股,100%
2015-04-21,,Cash,,,,,-16760.78,,,,,,
2015-04-22,股票,生意宝(002095.XSHE),多仓,211400股,211400股,82.75,17493350,2168964,72.49,-,0,1300110,0股,100%
2015-04-22,,Cash,,,,,-16760.78,,,,,,
2015-04-23,,Cash,,,,,17610080.5,,,,,,
2015-04-24,股票,上海钢联(300226.XSHE),多仓,164500股,164500股,103.78,17071810,-551075,107.13,-,0,-551075,0股,100%
2015-04-24,,Cash,,,,,-18091.37,,,,,,
2015-04-27,股票,上海钢联(300226.XSHE),多仓,164500股,164500股,101.68,16726360,-896525,107.13,-,0,-345450,0股,100%
2015-04-27,,Cash,,,,,-18091.37,,,,,,
2015-04-28,股票,上海钢联(300226.XSHE),多仓,164500股,164500股,98.6,16219700,-1403185,107.13,-,0,-506660,0股,100%
2015-04-28,,Cash,,,,,-18091.37,,,,,,
2015-04-29,股票,上海钢联(300226.XSHE),多仓,164500股,164500股,108.46,17841670,218785,107.13,-,0,1621970,0股,100%
2015-04-29,,Cash,,,,,-18091.37,,,,,,
2015-04-30,股票,长城动漫(000835.XSHE),多仓,1198000股,1198000股,15.14,18137720,83860,15.07,-,0,83860,0股,100%
2015-04-30,,Cash,,,,,-28891.09,,,,,,
2015-05-04,股票,长城动漫(000835.XSHE),多仓,1198000股,1198000股,15.1,18089800,35940,15.07,-,0,-47920,0股,100%
2015-05-04,,Cash,,,,,-28891.09,,,,,,
2015-05-05,股票,长城动漫(000835.XSHE),多仓,1198000股,1198000股,15.16,18161680,107820,15.07,-,0,71880,0股,100%
2015-05-05,,Cash,,,,,-28891.09,,,,,,
2015-05-06,股票,长城动漫(000835.XSHE),多仓,1198000股,1198000股,15.6,18688800,634940,15.07,-,0,527120,0股,100%
2015-05-06,,Cash,,,,,-28891.09,,,,,,
2015-05-07,,Cash,,,,,18372396.1,,,,,,
2015-05-08,,Cash,,,,,18372396.1,,,,,,
2015-05-11,,Cash,,,,,18372396.1,,,,,,
2015-05-12,股票,大康牧业(002505.XSHE),多仓,2052700股,2052700股,8.96,18392192,0,8.96,-,0,0,0股,100%
2015-05-12,,Cash,,,,,-25313.56,,,,,,
2015-05-13,股票,大康牧业(002505.XSHE),多仓,2052700股,2052700股,8.88,18227976,-164216,8.96,-,0,-164216,0股,100%
2015-05-13,,Cash,,,,,-25313.56,,,,,,
2015-05-14,,Cash,,,,,18055964.18,,,,,,
2015-05-15,股票,福星晓程(300139.XSHE),多仓,691700股,691700股,25.61,17714437,-359684,26.13,-,0,-359684,0股,100%
2015-05-15,,Cash,,,,,-23579.06,,,,,,
2015-05-18,股票,福星晓程(300139.XSHE),多仓,691700股,691700股,26.22,18136374,62253,26.13,-,0,421937,0股,100%
2015-05-18,,Cash,,,,,-23579.06,,,,,,
2015-05-19,股票,福星晓程(300139.XSHE),多仓,691700股,691700股,26.32,18205544,131423,26.13,-,0,69170,0股,100%
2015-05-19,,Cash,,,,,-23579.06,,,,,,
2015-05-20,股票,福星晓程(300139.XSHE),多仓,691700股,691700股,27.8,19229260,1155139,26.13,-,0,1023716,0股,100%
2015-05-20,,Cash,,,,,-23579.06,,,,,,
2015-05-21,,Cash,,,,,19201406.93,,,,,,
2015-05-22,股票,北京城建(600266.XSHG),多仓,858700股,858700股,22.89,19655643,429350,22.39,-,0,429350,0股,100%
2015-05-22,,Cash,,,,,-30653.96,,,,,,
2015-05-25,股票,北京城建(600266.XSHG),多仓,858700股,858700股,23.28,19990536,764243,22.39,-,0,334893,0股,100%
2015-05-25,,Cash,,,,,-30653.96,,,,,,
2015-05-26,股票,北京城建(600266.XSHG),多仓,858700股,858700股,23.86,20488582,1262289,22.39,-,0,498046,0股,100%
2015-05-26,,Cash,,,,,-30653.96,,,,,,
2015-05-27,股票,北京城建(600266.XSHG),多仓,858700股,858700股,23.43,20119341,893048,22.39,-,0,-369241,0股,100%
2015-05-27,,Cash,,,,,-30653.96,,,,,,
2015-05-28,,Cash,,,,,20028228.55,,,,,,
2015-05-29,,Cash,,,,,20028228.55,,,,,,
2015-06-01,股票,晋亿实业(601002.XSHG),多仓,1058000股,1058000股,20.39,21572620,1523520,18.95,-,0,1523520,0股,100%
2015-06-01,,Cash,,,,,-26886.18,,,,,,
2015-06-02,股票,晋亿实业(601002.XSHG),多仓,1058000股,1058000股,21.44,22683520,2634420,18.95,-,0,1110900,0股,100%
2015-06-02,,Cash,,,,,-26886.18,,,,,,
2015-06-03,股票,晋亿实业(601002.XSHG),多仓,1058000股,1058000股,22.46,23762680,3713580,18.95,-,0,1079160,0股,100%
2015-06-03,,Cash,,,,,-26886.18,,,,,,
2015-06-04,,Cash,,,,,23673203.6,,,,,,
2015-06-05,股票,荣安地产(000517.XSHE),多仓,1020800股,1020800股,24.59,25101472,1398496,23.22,-,0,1398496,0股,100%
2015-06-05,,Cash,,,,,-36883.29,,,,,,
2015-06-08,股票,荣安地产(000517.XSHE),多仓,1020800股,1020800股,24.15,24652320,949344,23.22,-,0,-449152,0股,100%
2015-06-08,,Cash,,,,,-36883.29,,,,,,
2015-06-09,股票,荣安地产(000517.XSHE),多仓,1020800股,1020800股,24.59,25101472,1398496,23.22,-,0,449152,0股,100%
2015-06-09,,Cash,,,,,-36883.29,,,,,,
2015-06-10,股票,荣安地产(000517.XSHE),多仓,1020800股,1020800股,25.61,26142688,2439712,23.22,-,0,1041216,0股,100%
2015-06-10,,Cash,,,,,-36883.29,,,,,,
2015-06-11,,Cash,,,,,25725198.41,,,,,,
2015-06-12,股票,奋达科技(002681.XSHE),多仓,297900股,297900股,83,24725700,-1024776,86.44,-,0,-1024776,0股,100%
2015-06-12,,Cash,,,,,-33002.73,,,,,,
2015-06-15,股票,奋达科技(002681.XSHE),多仓,536220股,536220股,42.15,22601673,-3104118,47.939,-,0,-2079342,0股,100%
2015-06-15,,Cash,,,,,2745.27,,,,,,
2015-06-16,股票,奋达科技(002681.XSHE),多仓,536220股,536220股,42.9,23003838,-2701953,47.939,-,0,402165,0股,100%
2015-06-16,,Cash,,,,,2745.27,,,,,,
2015-06-17,股票,奋达科技(002681.XSHE),多仓,536220股,536220股,45.99,24660757.8,-1045033.2,47.939,-,0,1656919.8,0股,100%
2015-06-17,,Cash,,,,,2745.27,,,,,,
2015-06-18,,Cash,,,,,24658220.23,,,,,,
2015-06-19,,Cash,,,,,24658220.23,,,,,,
2015-06-23,,Cash,,,,,24658220.23,,,,,,
2015-06-24,,Cash,,,,,24658220.23,,,,,,
2015-06-25,,Cash,,,,,24658220.23,,,,,,
2015-06-26,,Cash,,,,,24658220.23,,,,,,
2015-06-29,,Cash,,,,,24658220.23,,,,,,
2015-06-30,,Cash,,,,,24658220.23,,,,,,
2015-07-01,,Cash,,,,,24658220.23,,,,,,
2015-07-02,,Cash,,,,,24658220.23,,,,,,
2015-07-03,,Cash,,,,,24658220.23,,,,,,
2015-07-06,,Cash,,,,,24658220.23,,,,,,
2015-07-07,,Cash,,,,,24658220.23,,,,,,
2015-07-08,,Cash,,,,,24658220.23,,,,,,
2015-07-09,,Cash,,,,,24658220.23,,,,,,
2015-07-10,,Cash,,,,,24658220.23,,,,,,
2015-07-13,,Cash,,,,,24658220.23,,,,,,
2015-07-14,,Cash,,,,,24658220.23,,,,,,
2015-07-15,,Cash,,,,,24658220.23,,,,,,
2015-07-16,,Cash,,,,,24658220.23,,,,,,
2015-07-17,,Cash,,,,,24658220.23,,,,,,
2015-07-20,股票,新南洋(600661.XSHG),多仓,839200股,839200股,32.53,27299176,2609912,29.42,-,0,2609912,0股,100%
2015-07-20,,Cash,,,,,-38450.55,,,,,,
2015-07-21,股票,新南洋(600661.XSHG),多仓,839200股,839200股,33.37,28004104,3314840,29.42,-,0,704928,0股,100%
2015-07-21,,Cash,,,,,-38450.55,,,,,,
2015-07-22,股票,新南洋(600661.XSHG),多仓,839200股,839200股,32.53,27299176,2609912,29.42,-,0,-704928,0股,100%
2015-07-22,,Cash,,,,,-38450.55,,,,,,
2015-07-23,,Cash,,,,,26839706.36,,,,,,
2015-07-24,,Cash,,,,,26839706.36,,,,,,
2015-07-27,,Cash,,,,,26839706.36,,,,,,
2015-07-28,,Cash,,,,,26839706.36,,,,,,
2015-07-29,,Cash,,,,,26839706.36,,,,,,
2015-07-30,,Cash,,,,,26839706.36,,,,,,
2015-07-31,股票,精功科技(002006.XSHE),多仓,3117200股,3117200股,8.65,26963780,93516,8.62,-,0,93516,0股,100%
2015-07-31,,Cash,,,,,-38618.72,,,,,,
2015-08-03,股票,精功科技(002006.XSHE),多仓,3117200股,3117200股,8.29,25841588,-1028676,8.62,-,0,-1122192,0股,100%
2015-08-03,,Cash,,,,,-38618.72,,,,,,
2015-08-04,股票,精功科技(002006.XSHE),多仓,3117200股,3117200股,9.06,28241832,1371568,8.62,-,0,2400244,0股,100%
2015-08-04,,Cash,,,,,-38618.72,,,,,,
2015-08-05,股票,精功科技(002006.XSHE),多仓,3117200股,3117200股,8.94,27867768,997504,8.62,-,0,-374064,0股,100%
2015-08-05,,Cash,,,,,-38618.72,,,,,,
2015-08-06,,Cash,,,,,26952371.32,,,,,,
2015-08-07,股票,京山轻机(000821.XSHE),多仓,1773100股,1773100股,16.3,28901530,1914948,15.22,-,0,1914948,0股,100%
2015-08-07,,Cash,,,,,-42306.65,,,,,,
2015-08-10,股票,京山轻机(000821.XSHE),多仓,1773100股,1773100股,17.36,30781016,3794434,15.22,-,0,1879486,0股,100%
2015-08-10,,Cash,,,,,-42306.65,,,,,,
2015-08-11,股票,京山轻机(000821.XSHE),多仓,1773100股,1773100股,16.91,29983121,2996539,15.22,-,0,-797895,0股,100%
2015-08-11,,Cash,,,,,-42306.65,,,,,,
2015-08-12,股票,京山轻机(000821.XSHE),多仓,1773100股,1773100股,17.02,30178162,3191580,15.22,-,0,195041,0股,100%
2015-08-12,,Cash,,,,,-42306.65,,,,,,
2015-08-13,,Cash,,,,,29583093.2,,,,,,
2015-08-14,股票,宁波东力(002164.XSHE),多仓,2526300股,2526300股,11.65,29431395,-176841,11.72,-,0,-176841,0股,100%
2015-08-14,,Cash,,,,,-34025.27,,,,,,
2015-08-17,股票,宁波东力(002164.XSHE),多仓,2526300股,2526300股,11.96,30214548,606312,11.72,-,0,783153,0股,100%
2015-08-17,,Cash,,,,,-34025.27,,,,,,
2015-08-18,股票,宁波东力(002164.XSHE),多仓,2526300股,2526300股,10.78,27233514,-2374722,11.72,-,0,-2981034,0股,100%
2015-08-18,,Cash,,,,,-34025.27,,,,,,
2015-08-19,股票,宁波东力(002164.XSHE),多仓,2526300股,2526300股,10.72,27081936,-2526300,11.72,-,0,-151578,0股,100%
2015-08-19,,Cash,,,,,-34025.27,,,,,,
2015-08-20,,Cash,,,,,26180109,,,,,,
2015-08-21,,Cash,,,,,26180109,,,,,,
2015-08-24,,Cash,,,,,26180109,,,,,,
2015-08-25,,Cash,,,,,26180109,,,,,,
2015-08-26,,Cash,,,,,26180109,,,,,,
2015-08-27,,Cash,,,,,26180109,,,,,,
2015-08-28,,Cash,,,,,26180109,,,,,,
2015-08-31,,Cash,,,,,26180109,,,,,,
2015-09-01,股票,安硕信息(300380.XSHE),多仓,638500股,638500股,38.1,24326850,-1883575,41.05,-,0,-1883575,0股,100%
2015-09-01,,Cash,,,,,-38179.13,,,,,,
2015-09-02,股票,捷成股份(300182.XSHE),多仓,738700股,738700股,31.83,23512821,590960,31.03,-,0,590960,0股,100%
2015-09-02,,Cash,,,,,-36305.29,,,,,,
2015-09-07,股票,捷成股份(300182.XSHE),多仓,738700股,738700股,33.23,24547001,1625140,31.03,-,0,1034180,0股,100%
2015-09-07,,Cash,,,,,-36305.29,,,,,,
2015-09-08,股票,捷成股份(300182.XSHE),多仓,738700股,738700股,36.55,26999485,4077624,31.03,-,0,2452484,0股,100%
2015-09-08,,Cash,,,,,-36305.29,,,,,,
2015-09-09,股票,捷成股份(300182.XSHE),多仓,738700股,738700股,39.79,29392873,6471012,31.03,-,0,2393388,0股,100%
2015-09-09,,Cash,,,,,-36305.29,,,,,,
2015-09-10,,Cash,,,,,28521598.11,,,,,,
2015-09-11,股票,河北宣工(000923.XSHE),多仓,2130000股,2130000股,13.66,29095800,532500,13.41,-,0,532500,0股,100%
2015-09-11,,Cash,,,,,-50270.88,,,,,,
2015-09-14,股票,河北宣工(000923.XSHE),多仓,2130000股,2130000股,12.29,26177700,-2385600,13.41,-,0,-2918100,0股,100%
2015-09-14,,Cash,,,,,-50270.88,,,,,,
2015-09-15,股票,河北宣工(000923.XSHE),多仓,2130000股,2130000股,11.06,23557800,-5005500,13.41,-,0,-2619900,0股,100%
2015-09-15,,Cash,,,,,-50270.88,,,,,,
2015-09-16,股票,河北宣工(000923.XSHE),多仓,2130000股,2130000股,12.17,25922100,-2641200,13.41,-,0,2364300,0股,100%
2015-09-16,,Cash,,,,,-50270.88,,,,,,
2015-09-17,,Cash,,,,,25582862.67,,,,,,
2015-09-18,,Cash,,,,,25582862.67,,,,,,
2015-09-21,股票,国祯环保(300388.XSHE),多仓,1374600股,1374600股,20.1,27629460,2020662,18.63,-,0,2020662,0股,100%
2015-09-21,,Cash,,,,,-33617.97,,,,,,
2015-09-22,股票,国祯环保(300388.XSHE),多仓,1374600股,1374600股,20.38,28014348,2405550,18.63,-,0,384888,0股,100%
2015-09-22,,Cash,,,,,-33617.97,,,,,,
2015-09-23,股票,国祯环保(300388.XSHE),多仓,1374600股,1374600股,20.01,27505746,1896948,18.63,-,0,-508602,0股,100%
2015-09-23,,Cash,,,,,-33617.97,,,,,,
2015-09-24,,Cash,,,,,27463826.82,,,,,,
2015-09-25,,Cash,,,,,27463826.82,,,,,,
2015-09-28,,Cash,,,,,27463826.82,,,,,,
2015-09-29,,Cash,,,,,27463826.82,,,,,,
2015-09-30,股票,京运通(601908.XSHG),多仓,4345500股,4345500股,6.88,29897040,2390025,6.33,-,0,2390025,0股,100%
2015-09-30,,Cash,,,,,-51440.28,,,,,,
2015-10-08,股票,京运通(601908.XSHG),多仓,4345500股,4345500股,7.29,31678695,4171680,6.33,-,0,1781655,0股,100%
2015-10-08,,Cash,,,,,-51440.28,,,,,,
2015-10-09,股票,东方通信(600776.XSHG),多仓,3730700股,3730700股,8.55,31897485,708833,8.36,-,0,708833,0股,100%
2015-10-09,,Cash,,,,,-45921.27,,,,,,
2015-10-12,股票,东方通信(600776.XSHG),多仓,3730700股,3730700股,9.01,33613607,2424955,8.36,-,0,1716122,0股,100%
2015-10-12,,Cash,,,,,-45921.27,,,,,,
2015-10-13,股票,东方通信(600776.XSHG),多仓,3730700股,3730700股,9.3,34695510,3506858,8.36,-,0,1081903,0股,100%
2015-10-13,,Cash,,,,,-45921.27,,,,,,
2015-10-14,股票,东方通信(600776.XSHG),多仓,3730700股,3730700股,8.97,33464379,2275727,8.36,-,0,-1231131,0股,100%
2015-10-14,,Cash,,,,,-45921.27,,,,,,
2015-10-15,,Cash,,,,,33337695.54,,,,,,
2015-10-16,股票,豫金刚石(300064.XSHE),多仓,3000600股,3000600股,11.35,34056810,690138,11.12,-,0,690138,0股,100%
2015-10-16,,Cash,,,,,-38986.46,,,,,,
2015-10-19,股票,豫金刚石(300064.XSHE),多仓,3000600股,3000600股,11.09,33276654,-90018,11.12,-,0,-780156,0股,100%
2015-10-19,,Cash,,,,,-38986.46,,,,,,
2015-10-20,股票,豫金刚石(300064.XSHE),多仓,3000600股,3000600股,11.9,35707140,2340468,11.12,-,0,2430486,0股,100%
2015-10-20,,Cash,,,,,-38986.46,,,,,,
2015-10-21,股票,豫金刚石(300064.XSHE),多仓,3000600股,3000600股,10.71,32136426,-1230246,11.12,-,0,-3570714,0股,100%
2015-10-21,,Cash,,,,,-38986.46,,,,,,
2015-10-22,,Cash,,,,,31396388.36,,,,,,
2015-10-23,股票,豫金刚石(300064.XSHE),多仓,2820800股,2820800股,11.3,31875040,451328,11.14,-,0,451328,0股,100%
2015-10-23,,Cash,,,,,-36750.75,,,,,,
2015-10-26,股票,豫金刚石(300064.XSHE),多仓,2820800股,2820800股,11.16,31480128,56416,11.14,-,0,-394912,0股,100%
2015-10-26,,Cash,,,,,-36750.75,,,,,,
2015-10-27,股票,豫金刚石(300064.XSHE),多仓,2820800股,2820800股,11.05,31169840,-253872,11.14,-,0,-310288,0股,100%
2015-10-27,,Cash,,,,,-36750.75,,,,,,
2015-10-28,股票,豫金刚石(300064.XSHE),多仓,2820800股,2820800股,10.65,30041520,-1382192,11.14,-,0,-1128320,0股,100%
2015-10-28,,Cash,,,,,-36750.75,,,,,,
2015-10-29,,Cash,,,,,30022057.93,,,,,,
2015-10-30,股票,锦龙股份(000712.XSHE),多仓,1158700股,1158700股,26.42,30612854,556176,25.94,-,0,556176,0股,100%
2015-10-30,,Cash,,,,,-43637.07,,,,,,
2015-11-02,股票,锦龙股份(000712.XSHE),多仓,1158700股,1158700股,25.44,29477328,-579350,25.94,-,0,-1135526,0股,100%
2015-11-02,,Cash,,,,,-43637.07,,,,,,
2015-11-03,股票,锦龙股份(000712.XSHE),多仓,1158700股,1158700股,24.94,28897978,-1158700,25.94,-,0,-579350,0股,100%
2015-11-03,,Cash,,,,,-43637.07,,,,,,
2015-11-04,股票,锦龙股份(000712.XSHE),多仓,1158700股,1158700股,27.43,31783141,1726463,25.94,-,0,2885163,0股,100%
2015-11-04,,Cash,,,,,-43637.07,,,,,,
2015-11-05,,Cash,,,,,32427217.87,,,,,,
2015-11-06,股票,隆华节能(300263.XSHE),多仓,1637700股,1637700股,20.94,34293438,1834224,19.82,-,0,1834224,0股,100%
2015-11-06,,Cash,,,,,-41733.89,,,,,,
2015-11-09,股票,隆华节能(300263.XSHE),多仓,1637700股,1637700股,21.75,35619975,3160761,19.82,-,0,1326537,0股,100%
2015-11-09,,Cash,,,,,-41733.89,,,,,,
2015-11-10,股票,隆华节能(300263.XSHE),多仓,1637700股,1637700股,21.52,35243304,2784090,19.82,-,0,-376671,0股,100%
2015-11-10,,Cash,,,,,-41733.89,,,,,,
2015-11-11,股票,隆华节能(300263.XSHE),多仓,1637700股,1637700股,22.84,37405068,4945854,19.82,-,0,2161764,0股,100%
2015-11-11,,Cash,,,,,-41733.89,,,,,,
2015-11-12,,Cash,,,,,37003949.03,,,,,,
2015-11-13,,Cash,,,,,37003949.03,,,,,,
2015-11-16,,Cash,,,,,37003949.03,,,,,,
2015-11-17,,Cash,,,,,37003949.03,,,,,,
2015-11-18,股票,同洲电子(002052.XSHE),多仓,2605900股,2605900股,13.84,36065656,-990242,14.22,-,0,-990242,0股,100%
2015-11-18,,Cash,,,,,-63065.74,,,,,,
2015-11-19,,Cash,,,,,35773529.04,,,,,,
2015-11-20,股票,恒泰艾普(300157.XSHE),多仓,2659700股,2659700股,13.16,35001652,-824507,13.47,-,0,-824507,0股,100%
2015-11-20,,Cash,,,,,-63377.81,,,,,,
2015-11-23,股票,恒泰艾普(300157.XSHE),多仓,2659700股,2659700股,13.17,35028249,-797910,13.47,-,0,26597,0股,100%
2015-11-23,,Cash,,,,,-63377.81,,,,,,
2015-11-24,股票,恒泰艾普(300157.XSHE),多仓,2659700股,2659700股,13.26,35267622,-558537,13.47,-,0,239373,0股,100%
2015-11-24,,Cash,,,,,-63377.81,,,,,,
2015-11-25,股票,恒泰艾普(300157.XSHE),多仓,2659700股,2659700股,13.54,36012338,186179,13.47,-,0,744716,0股,100%
2015-11-25,,Cash,,,,,-63377.81,,,,,,
2015-11-26,,Cash,,,,,36274018.09,,,,,,
2015-11-27,,Cash,,,,,36274018.09,,,,,,
2015-11-30,,Cash,,,,,36274018.09,,,,,,
2015-12-01,,Cash,,,,,36274018.09,,,,,,
2015-12-02,,Cash,,,,,36274018.09,,,,,,
2015-12-03,,Cash,,,,,36274018.09,,,,,,
2015-12-04,股票,升达林业(002259.XSHE),多仓,3892000股,3892000股,9.85,38336200,2023840,9.33,-,0,2023840,0股,100%
2015-12-04,,Cash,,,,,-49235.62,,,,,,
2015-12-07,股票,升达林业(002259.XSHE),多仓,3892000股,3892000股,9.98,38842160,2529800,9.33,-,0,505960,0股,100%
2015-12-07,,Cash,,,,,-49235.62,,,,,,
2015-12-08,股票,升达林业(002259.XSHE),多仓,3892000股,3892000股,9.6,37363200,1050840,9.33,-,0,-1478960,0股,100%
2015-12-08,,Cash,,,,,-49235.62,,,,,,
2015-12-09,股票,升达林业(002259.XSHE),多仓,3892000股,3892000股,9.42,36662640,350280,9.33,-,0,-700560,0股,100%
2015-12-09,,Cash,,,,,-49235.62,,,,,,
2015-12-10,,Cash,,,,,36488004.14,,,,,,
2015-12-11,,Cash,,,,,36488004.14,,,,,,
2015-12-14,股票,大富科技(300134.XSHE),多仓,1220700股,1220700股,29.38,35864166,-671385,29.93,-,0,-671385,0股,100%
2015-12-14,,Cash,,,,,-58507.53,,,,,,
2015-12-15,股票,大富科技(300134.XSHE),多仓,1220700股,1220700股,30.67,37438869,903318,29.93,-,0,1574703,0股,100%
2015-12-15,,Cash,,,,,-58507.53,,,,,,
2015-12-16,股票,大富科技(300134.XSHE),多仓,1220700股,1220700股,30.64,37402248,866697,29.93,-,0,-36621,0股,100%
2015-12-16,,Cash,,,,,-58507.53,,,,,,
2015-12-17,,Cash,,,,,37673042.61,,,,,,
2015-12-18,股票,大富科技(300134.XSHE),多仓,1160500股,1160500股,32.78,38041190,324940,32.5,-,0,324940,0股,100%
2015-12-18,,Cash,,,,,-54522.26,,,,,,
2015-12-21,股票,大富科技(300134.XSHE),多仓,1160500股,1160500股,32.1,37252050,-464200,32.5,-,0,-789140,0股,100%
2015-12-21,,Cash,,,,,-54522.26,,,,,,
2015-12-22,股票,大富科技(300134.XSHE),多仓,1160500股,1160500股,31.96,37089580,-626670,32.5,-,0,-162470,0股,100%
2015-12-22,,Cash,,,,,-54522.26,,,,,,
2015-12-23,股票,大富科技(300134.XSHE),多仓,1160500股,1160500股,32.17,37333285,-382965,32.5,-,0,243705,0股,100%
2015-12-23,,Cash,,,,,-54522.26,,,,,,
2015-12-24,,Cash,,,,,36824582.5,,,,,,
2015-12-25,,Cash,,,,,36824582.5,,,,,,
2015-12-28,,Cash,,,,,36824582.5,,,,,,
2015-12-29,股票,大富科技(300134.XSHE),多仓,1223400股,1223400股,30.45,37252530,379254,30.14,-,0,379254,0股,100%
2015-12-29,,Cash,,,,,-59755.48,,,,,,
2015-12-30,股票,大富科技(300134.XSHE),多仓,1223400股,1223400股,30.95,37864230,990954,30.14,-,0,611700,0股,100%
2015-12-30,,Cash,,,,,-59755.48,,,,,,
2015-12-31,,Cash,,,,,37779687.21,,,,,,
2016-01-04,,Cash,,,,,37779687.21,,,,,,
2016-01-05,,Cash,,,,,37779687.21,,,,,,
2016-01-06,,Cash,,,,,37779687.21,,,,,,
2016-01-07,,Cash,,,,,37779687.21,,,,,,
2016-01-08,,Cash,,,,,37779687.21,,,,,,
2016-01-11,股票,曙光股份(600303.XSHG),多仓,3554000股,3554000股,10.43,37068220,-746340,10.64,-,0,-746340,0股,100%
2016-01-11,,Cash,,,,,-46217.16,,,,,,
2016-01-12,股票,曙光股份(600303.XSHG),多仓,3554000股,3554000股,11.47,40764380,2949820,10.64,-,0,3696160,0股,100%
2016-01-12,,Cash,,,,,-46217.16,,,,,,
2016-01-13,股票,曙光股份(600303.XSHG),多仓,3554000股,3554000股,10.98,39022920,1208360,10.64,-,0,-1741460,0股,100%
2016-01-13,,Cash,,,,,-46217.16,,,,,,
2016-01-14,,Cash,,,,,37009307.95,,,,,,
2016-01-15,股票,宝馨科技(002514.XSHE),多仓,1907600股,1907600股,21,40059600,3014008,19.42,-,0,3014008,0股,100%
2016-01-15,,Cash,,,,,-47397.73,,,,,,
2016-01-18,股票,宝馨科技(002514.XSHE),多仓,1907600股,1907600股,20.92,39906992,2861400,19.42,-,0,-152608,0股,100%
2016-01-18,,Cash,,,,,-47397.73,,,,,,
2016-01-19,股票,宝馨科技(002514.XSHE),多仓,1907600股,1907600股,21.18,40402968,3357376,19.42,-,0,495976,0股,100%
2016-01-19,,Cash,,,,,-47397.73,,,,,,
2016-01-20,股票,宝馨科技(002514.XSHE),多仓,1907600股,1907600股,22.35,42634860,5589268,19.42,-,0,2231892,0股,100%
2016-01-20,,Cash,,,,,-47397.73,,,,,,
2016-01-21,,Cash,,,,,42265320.14,,,,,,
2016-01-22,股票,一心堂(002727.XSHE),多仓,982900股,982900股,43.15,42412135,98290,43.05,-,0,98290,0股,100%
2016-01-22,,Cash,,,,,-61219.01,,,,,,
2016-01-25,股票,一心堂(002727.XSHE),多仓,982900股,982900股,42.82,42087778,-226067,43.05,-,0,-324357,0股,100%
2016-01-25,,Cash,,,,,-61219.01,,,,,,
2016-01-26,股票,一心堂(002727.XSHE),多仓,982900股,982900股,41,40298900,-2014945,43.05,-,0,-1788878,0股,100%
2016-01-26,,Cash,,,,,-61219.01,,,,,,
2016-01-27,股票,一心堂(002727.XSHE),多仓,982900股,982900股,40.3,39610870,-2702975,43.05,-,0,-688030,0股,100%
2016-01-27,,Cash,,,,,-61219.01,,,,,,
2016-01-28,,Cash,,,,,38663777.96,,,,,,
2016-01-29,,Cash,,,,,38663777.96,,,,,,
2016-02-01,,Cash,,,,,38663777.96,,,,,,
2016-02-02,,Cash,,,,,38663777.96,,,,,,
2016-02-03,,Cash,,,,,38663777.96,,,,,,
2016-02-04,,Cash,,,,,38663777.96,,,,,,
2016-02-05,股票,美盈森(002303.XSHE),多仓,4368700股,4368700股,8.85,38662995,-43687,8.86,-,0,-43687,0股,100%
2016-02-05,,Cash,,,,,-54516.04,,,,,,
2016-02-15,股票,美盈森(002303.XSHE),多仓,4368700股,4368700股,8.91,38925117,218435,8.86,-,0,262122,0股,100%
2016-02-15,,Cash,,,,,-54516.04,,,,,,
2016-02-16,股票,美盈森(002303.XSHE),多仓,4368700股,4368700股,9.8,42813260,4106578,8.86,-,0,3888143,0股,100%
2016-02-16,,Cash,,,,,-54516.04,,,,,,
2016-02-17,股票,美盈森(002303.XSHE),多仓,4368700股,4368700股,10.34,45172358,6465676,8.86,-,0,2359098,0股,100%
2016-02-17,,Cash,,,,,-54516.04,,,,,,
2016-02-18,,Cash,,,,,45451789.76,,,,,,
2016-02-19,股票,阳谷华泰(300121.XSHE),多仓,2919496股,2919496股,10.59,30917462.64,554704.24,10.4,-,0,554704.24,0股,67.2%
2016-02-19,,Cash,,,,,15079922.53,,,,,,
2016-02-22,股票,阳谷华泰(300121.XSHE),多仓,2919496股,2919496股,11.04,32231235.84,1868477.44,10.4,-,0,1313773.2,0股,68.1%
2016-02-22,,Cash,,,,,15079922.53,,,,,,
2016-02-23,股票,阳谷华泰(300121.XSHE),多仓,2919496股,2919496股,10.93,31910091.28,1547332.88,10.4,-,0,-321144.56,0股,67.9%
2016-02-23,,Cash,,,,,15079922.53,,,,,,
2016-02-24,股票,阳谷华泰(300121.XSHE),多仓,2919496股,2919496股,10.95,31968481.2,1605722.8,10.4,-,0,58389.92,0股,67.9%
2016-02-24,,Cash,,,,,15079922.53,,,,,,
2016-02-25,,Cash,,,,,46831902.67,,,,,,
2016-02-26,,Cash,,,,,46831902.67,,,,,,
2016-02-29,股票,茂业通信(000889.XSHE),多仓,4961000股,4961000股,8.55,42416550,-4464900,9.45,-,0,-4464900,0股,100%
2016-02-29,,Cash,,,,,-63611.77,,,,,,
2016-03-01,股票,茂业通信(000889.XSHE),多仓,4961000股,4961000股,8.75,43408750,-3472700,9.45,-,0,992200,0股,100%
2016-03-01,,Cash,,,,,-63611.77,,,,,,
2016-03-02,股票,茂业通信(000889.XSHE),多仓,4961000股,4961000股,9.24,45839640,-1041810,9.45,-,0,2430890,0股,100%
2016-03-02,,Cash,,,,,-63611.77,,,,,,
2016-03-03,,Cash,,,,,45666891.19,,,,,,
2016-03-04,股票,茂业通信(000889.XSHE),多仓,5012800股,5012800股,9.13,45766864,50128,9.12,-,0,50128,0股,100%
2016-03-04,,Cash,,,,,-63559.83,,,,,,
2016-03-07,股票,茂业通信(000889.XSHE),多仓,5012800股,5012800股,9.29,46568912,852176,9.12,-,0,802048,0股,100%
2016-03-07,,Cash,,,,,-63559.83,,,,,,
2016-03-08,股票,茂业通信(000889.XSHE),多仓,5012800股,5012800股,9.44,47320832,1604096,9.12,-,0,751920,0股,100%
2016-03-08,,Cash,,,,,-63559.83,,,,,,
2016-03-09,股票,茂业通信(000889.XSHE),多仓,5012800股,5012800股,9.07,45466096,-250640,9.12,-,0,-1854736,0股,100%
2016-03-09,,Cash,,,,,-63559.83,,,,,,
2016-03-10,,Cash,,,,,45493618.75,,,,,,
2016-03-11,股票,联明股份(603006.XSHG),多仓,1338522股,1338522股,33.25,44505856.5,-629105.34,33.72,-,0,-629105.34,0股,99.2%
2016-03-11,,Cash,,,,,345116.42,,,,,,
2016-03-14,股票,联明股份(603006.XSHG),多仓,1338522股,1338522股,35.11,46995507.42,1860545.58,33.72,-,0,2489650.92,0股,99.3%
2016-03-14,,Cash,,,,,345116.42,,,,,,
2016-03-15,股票,联明股份(603006.XSHG),多仓,1338522股,1338522股,34.86,46660876.92,1525915.08,33.72,-,0,-334630.5,0股,99.3%
2016-03-15,,Cash,,,,,345116.42,,,,,,
2016-03-16,股票,联明股份(603006.XSHG),多仓,1338522股,1338522股,34.8,46580565.6,1445603.76,33.72,-,0,-80311.32,0股,99.3%
2016-03-16,,Cash,,,,,345116.42,,,,,,
2016-03-17,,Cash,,,,,47079012.39,,,,,,
2016-03-18,股票,雅克科技(002409.XSHE),多仓,1867400股,1867400股,25.98,48515052,1381876,25.24,-,0,1381876,0股,100%
2016-03-18,,Cash,,,,,-68303.56,,,,,,
2016-03-21,股票,雅克科技(002409.XSHE),多仓,1867400股,1867400股,26.4,49299360,2166184,25.24,-,0,784308,0股,100%
2016-03-21,,Cash,,,,,-68303.56,,,,,,
2016-03-22,股票,雅克科技(002409.XSHE),多仓,1867400股,1867400股,26.25,49019250,1886074,25.24,-,0,-280110,0股,100%
2016-03-22,,Cash,,,,,-68303.56,,,,,,
2016-03-23,股票,雅克科技(002409.XSHE),多仓,1867400股,1867400股,26.38,49262012,2128836,25.24,-,0,242762,0股,100%
2016-03-23,,Cash,,,,,-68303.56,,,,,,
2016-03-24,,Cash,,,,,48420978.32,,,,,,
2016-03-25,,Cash,,,,,48420978.32,,,,,,
2016-03-28,,Cash,,,,,48420978.32,,,,,,
2016-03-29,股票,浙江广厦(600052.XSHG),多仓,6907400股,6907400股,6.76,46694024,-1795924,7.02,-,0,-1795924,0股,100%
2016-03-29,,Cash,,,,,-83516.66,,,,,,
2016-03-30,股票,浙江广厦(600052.XSHG),多仓,6907400股,6907400股,7.03,48559022,69074,7.02,-,0,1864998,0股,100%
2016-03-30,,Cash,,,,,-83516.66,,,,,,
2016-03-31,,Cash,,,,,48274410.2,,,,,,
2016-04-01,股票,金亚科技(300028.XSHE),多仓,1053400股,1053400股,25.16,26503544,-31602,25.19,-,0,-31602,0股,54.9%
2016-04-01,,Cash,,,,,21731303.66,,,,,,
2016-04-05,股票,金亚科技(300028.XSHE),多仓,1053400股,1053400股,22.64,23848976,-2686170,25.19,-,0,-2654568,0股,52.3%
2016-04-05,,Cash,,,,,21731303.66,,,,,,
2016-04-06,股票,金亚科技(300028.XSHE),多仓,1053400股,1053400股,20.38,21468292,-5066854,25.19,-,0,-2380684,0股,49.7%
2016-04-06,,Cash,,,,,21731303.66,,,,,,
2016-04-07,股票,金亚科技(300028.XSHE),多仓,1053400股,1053400股,22.42,23617228,-2917918,25.19,-,0,2148936,0股,52.1%
2016-04-07,,Cash,,,,,21731303.66,,,,,,
2016-04-08,股票,通源石油(300164.XSHE),多仓,5556600股,5556600股,7.85,43619310,-722358,7.98,-,0,-722358,0股,100%
2016-04-08,,Cash,,,,,-68131.2,,,,,,
2016-04-11,股票,通源石油(300164.XSHE),多仓,5556600股,5556600股,8,44452800,111132,7.98,-,0,833490,0股,100%
2016-04-11,,Cash,,,,,-68131.2,,,,,,
2016-04-12,股票,通源石油(300164.XSHE),多仓,5556600股,5556600股,8.06,44786196,444528,7.98,-,0,333396,0股,100%
2016-04-12,,Cash,,,,,-68131.2,,,,,,
2016-04-13,股票,通源石油(300164.XSHE),多仓,5556600股,5556600股,8.22,45675252,1333584,7.98,-,0,889056,0股,100%
2016-04-13,,Cash,,,,,-68131.2,,,,,,
2016-04-14,,Cash,,,,,45547742.97,,,,,,
2016-04-15,股票,成都路桥(002628.XSHE),多仓,5839400股,5839400股,7.76,45313744,-291970,7.81,-,0,-291970,0股,100%
2016-04-15,,Cash,,,,,-71652.74,,,,,,
2016-04-18,股票,成都路桥(002628.XSHE),多仓,5839400股,5839400股,7.65,44671410,-934304,7.81,-,0,-642334,0股,100%
2016-04-18,,Cash,,,,,-71652.74,,,,,,
2016-04-19,股票,成都路桥(002628.XSHE),多仓,5839400股,5839400股,7.83,45722502,116788,7.81,-,0,1051092,0股,100%
2016-04-19,,Cash,,,,,-71652.74,,,,,,
2016-04-20,股票,成都路桥(002628.XSHE),多仓,5839400股,5839400股,7.78,45430532,-175182,7.81,-,0,-291970,0股,100%
2016-04-20,,Cash,,,,,-71652.74,,,,,,
2016-04-21,,Cash,,,,,44774956.78,,,,,,
2016-04-22,,Cash,,,,,44774956.78,,,,,,
2016-04-25,,Cash,,,,,44774956.78,,,,,,
2016-04-26,,Cash,,,,,44774956.78,,,,,,
2016-04-27,股票,永太科技(002326.XSHE),多仓,2695600股,2695600股,17.33,46714748,1886920,16.63,-,0,1886920,0股,100%
2016-04-27,,Cash,,,,,-66319.57,,,,,,
2016-04-28,,Cash,,,,,46103122.03,,,,,,
2016-04-29,股票,永太科技(002326.XSHE),多仓,2747500股,2747500股,16.84,46267900,109900,16.8,-,0,109900,0股,100%
2016-04-29,,Cash,,,,,-68725.37,,,,,,
2016-05-03,股票,永太科技(002326.XSHE),多仓,2747500股,2747500股,17.13,47064675,906675,16.8,-,0,796775,0股,100%
2016-05-03,,Cash,,,,,-68725.37,,,,,,
2016-05-04,股票,永太科技(002326.XSHE),多仓,2747500股,2747500股,17.62,48410950,2252950,16.8,-,0,1346275,0股,100%
2016-05-04,,Cash,,,,,-68725.37,,,,,,
2016-05-05,股票,永太科技(002326.XSHE),多仓,2747500股,2747500股,17.48,48026300,1868300,16.8,-,0,-384650,0股,100%
2016-05-05,,Cash,,,,,-68725.37,,,,,,
2016-05-06,,Cash,,,,,47703065.46,,,,,,
2016-05-09,,Cash,,,,,47703065.46,,,,,,
2016-05-10,,Cash,,,,,47703065.46,,,,,,
2016-05-11,股票,中国重汽(000951.XSHE),多仓,3080924股,3080924股,14.97,46121432.28,-739421.76,15.21,-,0,-739421.76,0股,98.2%
2016-05-11,,Cash,,,,,828153.16,,,,,,
2016-05-12,,Cash,,,,,46612704.89,,,,,,
2016-05-13,,Cash,,,,,46612704.89,,,,,,
2016-05-16,,Cash,,,,,46612704.89,,,,,,
2016-05-17,,Cash,,,,,46612704.89,,,,,,
2016-05-18,股票,合肥城建(002208.XSHE),多仓,2366100股,2366100股,20.37,48197457,1537965,19.72,-,0,1537965,0股,100%
2016-05-18,,Cash,,,,,-60784.96,,,,,,
2016-05-19,,Cash,,,,,44340437.32,,,,,,
2016-05-20,,Cash,,,,,44340437.32,,,,,,
2016-05-23,股票,科隆精化(300405.XSHE),多仓,1064500股,1064500股,43.47,46273815,1884165,41.7,-,0,1884165,0股,100%
2016-05-23,,Cash,,,,,-62529.57,,,,,,
2016-05-24,股票,科隆精化(300405.XSHE),多仓,1064500股,1064500股,44.6,47476700,3087050,41.7,-,0,1202885,0股,100%
2016-05-24,,Cash,,,,,-62529.57,,,,,,
2016-05-25,股票,科隆精化(300405.XSHE),多仓,1064500股,1064500股,42.87,45635115,1245465,41.7,-,0,-1841585,0股,100%
2016-05-25,,Cash,,,,,-62529.57,,,,,,
2016-05-26,,Cash,,,,,44747816.15,,,,,,
2016-05-27,股票,科隆精化(300405.XSHE),多仓,1028400股,1028400股,41,42164400,-2632704,43.56,-,0,-2632704,0股,100%
2016-05-27,,Cash,,,,,-62726.98,,,,,,
2016-05-30,股票,科隆精化(300405.XSHE),多仓,1028400股,1028400股,40.22,41362248,-3434856,43.56,-,0,-802152,0股,100%
2016-05-30,,Cash,,,,,-62726.98,,,,,,
2016-05-31,股票,科隆精化(300405.XSHE),多仓,1028400股,1028400股,42.18,43377912,-1419192,43.56,-,0,2015664,0股,100%
2016-05-31,,Cash,,,,,-62726.98,,,,,,
2016-06-01,股票,科隆精化(300405.XSHE),多仓,1028400股,1028400股,43.35,44581140,-215964,43.56,-,0,1203228,0股,100%
2016-06-01,,Cash,,,,,-62726.98,,,,,,
2016-06-02,,Cash,,,,,43926384.74,,,,,,
2016-06-03,股票,浙江世宝(002703.XSHE),多仓,1757000股,1757000股,26.25,46121250,2143540,25.03,-,0,2143540,0股,100%
2016-06-03,,Cash,,,,,-64518.57,,,,,,
2016-06-06,股票,浙江世宝(002703.XSHE),多仓,1757000股,1757000股,26.87,47210590,3232880,25.03,-,0,1089340,0股,100%
2016-06-06,,Cash,,,,,-64518.57,,,,,,
2016-06-07,股票,浙江世宝(002703.XSHE),多仓,1757000股,1757000股,26.23,46086110,2108400,25.03,-,0,-1124480,0股,100%
2016-06-07,,Cash,,,,,-64518.57,,,,,,
2016-06-08,,Cash,,,,,45505453.35,,,,,,
2016-06-13,股票,凯撒旅游(000796.XSHE),多仓,2661100股,2661100股,15.89,42284879,-3273153,17.12,-,0,-3273153,0股,100%
2016-06-13,,Cash,,,,,-66246.06,,,,,,
2016-06-14,股票,凯撒旅游(000796.XSHE),多仓,2661100股,2661100股,15.92,42364712,-3193320,17.12,-,0,79833,0股,100%
2016-06-14,,Cash,,,,,-66246.06,,,,,,
2016-06-15,股票,凯撒旅游(000796.XSHE),多仓,2661100股,2661100股,16.47,43828317,-1729715,17.12,-,0,1463605,0股,100%
2016-06-15,,Cash,,,,,-66246.06,,,,,,
2016-06-16,,Cash,,,,,44396080.68,,,,,,
2016-06-17,,Cash,,,,,44396080.68,,,,,,
2016-06-20,,Cash,,,,,44396080.68,,,,,,
2016-06-21,股票,飞力达(300240.XSHE),多仓,4318600股,4318600股,9.68,41804048,-2634346,10.29,-,0,-2634346,0股,100%
2016-06-21,,Cash,,,,,-55644.84,,,,,,
2016-06-22,股票,飞力达(300240.XSHE),多仓,4318600股,4318600股,10.65,45993090,1554696,10.29,-,0,4189042,0股,100%
2016-06-22,,Cash,,,,,-55644.84,,,,,,
2016-06-23,,Cash,,,,,47214679.75,,,,,,
2016-06-24,,Cash,,,,,47214679.75,,,,,,
2016-06-27,股票,创意信息(300366.XSHE),多仓,1417800股,1417800股,35.75,50686350,3416898,33.34,-,0,3416898,0股,100%
2016-06-27,,Cash,,,,,-68953.09,,,,,,
2016-06-28,股票,创意信息(300366.XSHE),多仓,1417800股,1417800股,37.23,52784694,5515242,33.34,-,0,2098344,0股,100%
2016-06-28,,Cash,,,,,-68953.09,,,,,,
2016-06-29,股票,创意信息(300366.XSHE),多仓,1417800股,1417800股,36.9,52316820,5047368,33.34,-,0,-467874,0股,100%
2016-06-29,,Cash,,,,,-68953.09,,,,,,
2016-06-30,,Cash,,,,,52335610.3,,,,,,
2016-07-01,股票,宝鼎科技(002552.XSHE),多仓,3440800股,3440800股,15.06,51818448,-584936,15.23,-,0,-584936,0股,100%
2016-07-01,,Cash,,,,,-83494.72,,,,,,
2016-07-04,股票,宝鼎科技(002552.XSHE),多仓,3440800股,3440800股,15.8,54364640,1961256,15.23,-,0,2546192,0股,100%
2016-07-04,,Cash,,,,,-83494.72,,,,,,
2016-07-05,股票,宝鼎科技(002552.XSHE),多仓,3440800股,3440800股,15.66,53882928,1479544,15.23,-,0,-481712,0股,100%
2016-07-05,,Cash,,,,,-83494.72,,,,,,
2016-07-06,股票,宝鼎科技(002552.XSHE),多仓,3440800股,3440800股,15.2,52300160,-103224,15.23,-,0,-1582768,0股,100%
2016-07-06,,Cash,,,,,-83494.72,,,,,,
2016-07-07,,Cash,,,,,51598862.76,,,,,,
2016-07-08,股票,慧球科技(600556.XSHG),多仓,3859300股,3859300股,15.64,60359452,8683425,13.39,-,0,8683425,0股,100%
2016-07-08,,Cash,,,,,-92667.05,,,,,,
2016-07-11,股票,慧球科技(600556.XSHG),多仓,3859300股,3859300股,14.63,56461559,4785532,13.39,-,0,-3897893,0股,100%
2016-07-11,,Cash,,,,,-92667.05,,,,,,
2016-07-12,股票,慧球科技(600556.XSHG),多仓,3859300股,3859300股,14.14,54570502,2894475,13.39,-,0,-1891057,0股,100%
2016-07-12,,Cash,,,,,-92667.05,,,,,,
2016-07-13,股票,慧球科技(600556.XSHG),多仓,3859300股,3859300股,14.03,54145979,2469952,13.39,-,0,-424523,0股,100%
2016-07-13,,Cash,,,,,-92667.05,,,,,,
2016-07-14,股票,慧球科技(600556.XSHG),多仓,3859300股,3859300股,14.03,54145979,2469952,13.39,-,0,0,0股,100%
2016-07-14,,Cash,,,,,-92667.05,,,,,,
2016-07-15,股票,慧球科技(600556.XSHG),多仓,3859300股,3859300股,15.43,59548999,7872972,13.39,-,0,5403020,0股,100%
2016-07-15,,Cash,,,,,-92667.05,,,,,,
2016-07-18,股票,慧球科技(600556.XSHG),多仓,3859300股,3859300股,16.95,65415135,13739108,13.39,-,0,5866136,0股,100%
2016-07-18,,Cash,,,,,-92667.05,,,,,,
2016-07-19,股票,慧球科技(600556.XSHG),多仓,3859300股,3859300股,17.47,67421971,15745944,13.39,-,0,2006836,0股,100%
2016-07-19,,Cash,,,,,-92667.05,,,,,,
2016-07-20,股票,慧球科技(600556.XSHG),多仓,3859300股,3859300股,16.9,65222170,13546143,13.39,-,0,-2199801,0股,100%
2016-07-20,,Cash,,,,,-92667.05,,,,,,
2016-07-21,,Cash,,,,,63926972.09,,,,,,
2016-07-22,,Cash,,,,,63926972.09,,,,,,
2016-07-25,,Cash,,,,,63926972.09,,,,,,
2016-07-26,,Cash,,,,,63926972.09,,,,,,
2016-07-27,,Cash,,,,,63926972.09,,,,,,
2016-07-28,,Cash,,,,,63926972.09,,,,,,
2016-07-29,股票,金字火腿(002515.XSHE),多仓,5118200股,5118200股,11.53,59012846,-5015836,12.51,-,0,-5015836,0股,100%
2016-07-29,,Cash,,,,,-120918.51,,,,,,
2016-08-01,股票,金字火腿(002515.XSHE),多仓,5118200股,5118200股,10.64,54457648,-9571034,12.51,-,0,-4555198,0股,100%
2016-08-01,,Cash,,,,,-120918.51,,,,,,
2016-08-02,股票,金字火腿(002515.XSHE),多仓,5118200股,5118200股,11.7,59882940,-4145742,12.51,-,0,5425292,0股,100%
2016-08-02,,Cash,,,,,-120918.51,,,,,,
2016-08-03,股票,金字火腿(002515.XSHE),多仓,5118200股,5118200股,12.87,65871234,1842552,12.51,-,0,5988294,0股,100%
2016-08-03,,Cash,,,,,-120918.51,,,,,,
2016-08-04,,Cash,,,,,69344996.25,,,,,,
2016-08-05,,Cash,,,,,69344996.25,,,,,,
2016-08-08,,Cash,,,,,69344996.25,,,,,,
2016-08-09,股票,腾信股份(300392.XSHE),多仓,2957100股,2957100股,23.89,70645119,1212411,23.48,-,0,1212411,0股,100%
2016-08-09,,Cash,,,,,-108541.56,,,,,,
2016-08-10,股票,腾信股份(300392.XSHE),多仓,2957100股,2957100股,23.75,70231125,798417,23.48,-,0,-413994,0股,100%
2016-08-10,,Cash,,,,,-108541.56,,,,,,
2016-08-11,,Cash,,,,,69706424.84,,,,,,
2016-08-12,股票,飞利信(300287.XSHE),多仓,5973100股,5973100股,11.78,70363118,597310,11.68,-,0,597310,0股,100%
2016-08-12,,Cash,,,,,-80312.9,,,,,,
2016-08-15,股票,飞利信(300287.XSHE),多仓,5973100股,5973100股,12.57,75081867,5316059,11.68,-,0,4718749,0股,100%
2016-08-15,,Cash,,,,,-80312.9,,,,,,
2016-08-16,股票,飞利信(300287.XSHE),多仓,5973100股,5973100股,12.41,74126171,4360363,11.68,-,0,-955696,0股,100%
2016-08-16,,Cash,,,,,-80312.9,,,,,,
2016-08-17,股票,飞利信(300287.XSHE),多仓,5973100股,5973100股,12.47,74484557,4718749,11.68,-,0,358386,0股,100%
2016-08-17,,Cash,,,,,-80312.9,,,,,,
2016-08-18,,Cash,,,,,74068800.78,,,,,,
2016-08-19,股票,麦迪电气(300341.XSHE),多仓,5406400股,5406400股,14.52,78500928,4325120,13.72,-,0,4325120,0股,100%
2016-08-19,,Cash,,,,,-129259.96,,,,,,
2016-08-22,股票,麦迪电气(300341.XSHE),多仓,5406400股,5406400股,14.02,75797728,1621920,13.72,-,0,-2703200,0股,100%
2016-08-22,,Cash,,,,,-129259.96,,,,,,
2016-08-23,股票,麦迪电气(300341.XSHE),多仓,5406400股,5406400股,14.39,77798096,3622288,13.72,-,0,2000368,0股,100%
2016-08-23,,Cash,,,,,-129259.96,,,,,,
2016-08-24,股票,麦迪电气(300341.XSHE),多仓,5406400股,5406400股,14.27,77149328,2973520,13.72,-,0,-648768,0股,100%
2016-08-24,,Cash,,,,,-129259.96,,,,,,
2016-08-25,股票,麦迪电气(300341.XSHE),多仓,756026股,756026股,13.97,10561683.22,189006.5,13.72,-,0,-226807.8,0股,14%
2016-08-25,,Cash,,,,,65030669.09,,,,,,
2016-08-26,股票,麦迪电气(300341.XSHE),多仓,756026股,756026股,13.77,10410478.02,37801.3,13.72,-,0,-151205.2,0股,13.8%
2016-08-26,,Cash,,,,,65030669.09,,,,,,
2016-08-29,股票,麦迪电气(300341.XSHE),多仓,756026股,756026股,13.68,10342435.68,-30241.04,13.72,-,0,-68042.34,0股,13.7%
2016-08-29,,Cash,,,,,65030669.09,,,,,,
2016-08-30,股票,麦迪电气(300341.XSHE),多仓,756026股,756026股,13.66,10327315.16,-45361.56,13.72,-,0,-15120.52,0股,13.7%
2016-08-30,,Cash,,,,,65030669.09,,,,,,
2016-08-31,股票,麦迪电气(300341.XSHE),多仓,756026股,756026股,13.5,10206351,-166325.72,13.72,-,0,-120964.16,0股,13.6%
2016-08-31,,Cash,,,,,65030669.09,,,,,,
2016-09-01,,Cash,,,,,75170898.81,,,,,,
2016-09-02,,Cash,,,,,75170898.81,,,,,,
2016-09-05,股票,富临精工(300432.XSHE),多仓,2586700股,2586700股,28.92,74807364,-465606,29.1,-,0,-465606,0股,100%
2016-09-05,,Cash,,,,,-124653.08,,,,,,
2016-09-06,股票,富临精工(300432.XSHE),多仓,2586700股,2586700股,29.89,77316463,2043493,29.1,-,0,2509099,0股,100%
2016-09-06,,Cash,,,,,-124653.08,,,,,,
2016-09-07,股票,富临精工(300432.XSHE),多仓,2586700股,2586700股,29.05,75143635,-129335,29.1,-,0,-2172828,0股,100%
2016-09-07,,Cash,,,,,-124653.08,,,,,,
2016-09-08,,Cash,,,,,74998795.31,,,,,,
2016-09-09,股票,伊力特(600197.XSHG),多仓,4255612股,4255612股,14.67,62429828.04,-425561.2,14.77,-,0,-425561.2,0股,83.7%
2016-09-09,,Cash,,,,,12124549.45,,,,,,
2016-09-12,股票,伊力特(600197.XSHG),多仓,4255612股,4255612股,13.95,59365787.4,-3489601.84,14.77,-,0,-3064040.64,0股,83%
2016-09-12,,Cash,,,,,12124549.45,,,,,,
2016-09-13,股票,伊力特(600197.XSHG),多仓,4255612股,4255612股,13.94,59323231.28,-3532157.96,14.77,-,0,-42556.12,0股,83%
2016-09-13,,Cash,,,,,12124549.45,,,,,,
2016-09-14,股票,伊力特(600197.XSHG),多仓,790881股,790881股,13.82,10929975.42,-751336.95,14.77,-,0,-94905.72,0股,15.4%
2016-09-14,,Cash,,,,,60117895.86,,,,,,
2016-09-19,股票,伊力特(600197.XSHG),多仓,790881股,790881股,14.08,11135604.48,-545707.89,14.77,-,0,205629.06,0股,15.6%
2016-09-19,,Cash,,,,,60117895.86,,,,,,
2016-09-20,股票,伊力特(600197.XSHG),多仓,790881股,790881股,13.99,11064425.19,-616887.18,14.77,-,0,-71179.29,0股,15.5%
2016-09-20,,Cash,,,,,60117895.86,,,,,,
2016-09-21,股票,伊力特(600197.XSHG),多仓,790881股,790881股,14,11072334,-608978.37,14.77,-,0,7908.81,0股,15.6%
2016-09-21,,Cash,,,,,60117895.86,,,,,,
2016-09-22,,Cash,,,,,71207429.94,,,,,,
2016-09-23,股票,三德科技(300515.XSHE),多仓,1110500股,1110500股,63.02,69983710,-1310390,64.2,-,0,-1310390,0股,100%
2016-09-23,,Cash,,,,,-108058.29,,,,,,
2016-09-26,股票,三德科技(300515.XSHE),多仓,1110500股,1110500股,59.02,65541710,-5752390,64.2,-,0,-4442000,0股,100%
2016-09-26,,Cash,,,,,-108058.29,,,,,,
2016-09-27,股票,三德科技(300515.XSHE),多仓,1110500股,1110500股,60.28,66940940,-4353160,64.2,-,0,1399230,0股,100%
2016-09-27,,Cash,,,,,-108058.29,,,,,,
2016-09-28,股票,三德科技(300515.XSHE),多仓,1110500股,1110500股,60.58,67274090,-4020010,64.2,-,0,333150,0股,100%
2016-09-28,,Cash,,,,,-108058.29,,,,,,
2016-09-29,股票,三德科技(300515.XSHE),多仓,184237股,184237股,60.28,11105806.36,-722209.04,64.2,-,0,-55271.1,0股,16.6%
2016-09-29,,Cash,,,,,55839501.45,,,,,,
2016-09-30,股票,三德科技(300515.XSHE),多仓,184237股,184237股,59.88,11032111.56,-795903.84,64.2,-,0,-73694.8,0股,16.5%
2016-09-30,,Cash,,,,,55839501.45,,,,,,
2016-10-10,股票,三德科技(300515.XSHE),多仓,184237股,184237股,63.3,11662202.1,-165813.3,64.2,-,0,630090.54,0股,17.3%
2016-10-10,,Cash,,,,,55839501.45,,,,,,
2016-10-11,股票,三德科技(300515.XSHE),多仓,184237股,184237股,62.76,11562714.12,-265301.28,64.2,-,0,-99487.98,0股,17.2%
2016-10-11,,Cash,,,,,55839501.45,,,,,,
2016-10-12,股票,三德科技(300515.XSHE),多仓,184237股,184237股,62.65,11542448.05,-285567.35,64.2,-,0,-20266.07,0股,17.1%
2016-10-12,,Cash,,,,,55839501.45,,,,,,
2016-10-13,,Cash,,,,,67363264.37,,,,,,
2016-10-14,股票,大北农(002385.XSHE),多仓,6974020股,6974020股,7.36,51328787.2,-278960.8,7.4,-,0,-278960.8,0股,76.5%
2016-10-14,,Cash,,,,,15740034.05,,,,,,
2016-10-17,股票,大北农(002385.XSHE),多仓,6974020股,6974020股,7.28,50770865.6,-836882.4,7.4,-,0,-557921.6,0股,76.3%
2016-10-17,,Cash,,,,,15740034.05,,,,,,
2016-10-18,股票,大北农(002385.XSHE),多仓,6974020股,6974020股,7.32,51049826.4,-557921.6,7.4,-,0,278960.8,0股,76.4%
2016-10-18,,Cash,,,,,15740034.05,,,,,,
2016-10-19,股票,大北农(002385.XSHE),多仓,6974020股,6974020股,7.3,50910346,-697402,7.4,-,0,-139480.4,0股,76.4%
2016-10-19,,Cash,,,,,15740034.05,,,,,,
2016-10-20,,Cash,,,,,66793145.21,,,,,,
2016-10-21,股票,大北农(002385.XSHE),多仓,8965500股,8965500股,7.39,66255045,-627585,7.46,-,0,-627585,0股,100%
2016-10-21,,Cash,,,,,-109549.58,,,,,,
2016-10-24,股票,大北农(002385.XSHE),多仓,8965500股,8965500股,7.42,66524010,-358620,7.46,-,0,268965,0股,100%
2016-10-24,,Cash,,,,,-109549.58,,,,,,
2016-10-25,股票,大北农(002385.XSHE),多仓,8965500股,8965500股,7.46,66882630,0,7.46,-,0,358620,0股,100%
2016-10-25,,Cash,,,,,-109549.58,,,,,,
2016-10-26,股票,大北农(002385.XSHE),多仓,8965500股,8965500股,7.39,66255045,-627585,7.46,-,0,-627585,0股,100%
2016-10-26,,Cash,,,,,-109549.58,,,,,,
2016-10-27,,Cash,,,,,65969825.41,,,,,,
2016-10-28,,Cash,,,,,65969825.41,,,,,,
2016-10-31,,Cash,,,,,65969825.41,,,,,,
2016-11-01,股票,亨通光电(600487.XSHG),多仓,3524000股,3524000股,18.93,66709320,669560,18.74,-,0,669560,0股,100%
2016-11-01,,Cash,,,,,-89746.52,,,,,,
2016-11-02,股票,亨通光电(600487.XSHG),多仓,3524000股,3524000股,18.93,66709320,669560,18.74,-,0,0,0股,100%
2016-11-02,,Cash,,,,,-89746.52,,,,,,
2016-11-03,,Cash,,,,,66744016.49,,,,,,
2016-11-04,股票,水晶光电(002273.XSHE),多仓,2816200股,2816200股,23.54,66293348,-535078,23.73,-,0,-535078,0股,100%
2016-11-04,,Cash,,,,,-104458.04,,,,,,
2016-11-07,股票,水晶光电(002273.XSHE),多仓,2816200股,2816200股,23.47,66096214,-732212,23.73,-,0,-197134,0股,100%
2016-11-07,,Cash,,,,,-104458.04,,,,,,
2016-11-08,股票,水晶光电(002273.XSHE),多仓,2816200股,2816200股,23.43,65983566,-844860,23.73,-,0,-112648,0股,100%
2016-11-08,,Cash,,,,,-104458.04,,,,,,
2016-11-09,股票,水晶光电(002273.XSHE),多仓,2816200股,2816200股,22.94,64603628,-2224798,23.73,-,0,-1379938,0股,100%
2016-11-09,,Cash,,,,,-104458.04,,,,,,
2016-11-10,,Cash,,,,,65090194.59,,,,,,
2016-11-11,股票,北部湾旅(603869.XSHG),多仓,1981400股,1981400股,32.23,63860522,-1307724,32.89,-,0,-1307724,0股,100%
2016-11-11,,Cash,,,,,-97601.88,,,,,,
2016-11-14,股票,北部湾旅(603869.XSHG),多仓,1981400股,1981400股,32.63,64653082,-515164,32.89,-,0,792560,0股,100%
2016-11-14,,Cash,,,,,-97601.88,,,,,,
2016-11-15,股票,北部湾旅(603869.XSHG),多仓,1981400股,1981400股,32.24,63880336,-1287910,32.89,-,0,-772746,0股,100%
2016-11-15,,Cash,,,,,-97601.88,,,,,,
2016-11-16,股票,北部湾旅(603869.XSHG),多仓,1981400股,1981400股,32.09,63583126,-1585120,32.89,-,0,-297210,0股,100%
2016-11-16,,Cash,,,,,-97601.88,,,,,,
2016-11-17,股票,北部湾旅(603869.XSHG),多仓,56504股,56504股,31.95,1805302.8,-53113.76,32.89,-,0,-7910.56,0股,2.9%
2016-11-17,,Cash,,,,,61342098.7,,,,,,
2016-11-18,股票,北部湾旅(603869.XSHG),多仓,56504股,56504股,31.79,1796262.16,-62154.4,32.89,-,0,-9040.64,0股,2.8%
2016-11-18,,Cash,,,,,61342098.7,,,,,,
2016-11-21,股票,北部湾旅(603869.XSHG),多仓,56504股,56504股,32.19,1818863.76,-39552.8,32.89,-,0,22601.6,0股,2.9%
2016-11-21,,Cash,,,,,61342098.7,,,,,,
2016-11-22,股票,北部湾旅(603869.XSHG),多仓,56504股,56504股,32.8,1853331.2,-5085.36,32.89,-,0,34467.44,0股,2.9%
2016-11-22,,Cash,,,,,61342098.7,,,,,,
2016-11-23,股票,北部湾旅(603869.XSHG),多仓,56504股,56504股,32.37,1829034.48,-29382.08,32.89,-,0,-24296.72,0股,2.9%
2016-11-23,,Cash,,,,,61342098.7,,,,,,
2016-11-24,,Cash,,,,,63168191.13,,,,,,
2016-11-25,,Cash,,,,,63168191.13,,,,,,
2016-11-28,,Cash,,,,,63168191.13,,,,,,
2016-11-29,,Cash,,,,,63168191.13,,,,,,
2016-11-30,,Cash,,,,,63168191.13,,,,,,
2016-12-01,,Cash,,,,,63168191.13,,,,,,
2016-12-02,,Cash,,,,,63168191.13,,,,,,
2016-12-05,股票,纳川股份(300198.XSHE),多仓,9093022股,9093022股,6.34,57649759.48,-181860.44,6.36,-,0,-181860.44,0股,91.6%
2016-12-05,,Cash,,,,,5319221.72,,,,,,
2016-12-06,股票,纳川股份(300198.XSHE),多仓,9093022股,9093022股,6.5,59104643,1273023.08,6.36,-,0,1454883.52,0股,91.7%
2016-12-06,,Cash,,,,,5319221.72,,,,,,
2016-12-07,股票,纳川股份(300198.XSHE),多仓,9093022股,9093022股,6.52,59286503.44,1454883.52,6.36,-,0,181860.44,0股,91.8%
2016-12-07,,Cash,,,,,5319221.72,,,,,,
2016-12-08,股票,纳川股份(300198.XSHE),多仓,2659453股,2659453股,6.55,17419417.15,505296.07,6.36,-,0,79783.59,0股,27%
2016-12-08,,Cash,,,,,47147308.62,,,,,,
2016-12-09,股票,纳川股份(300198.XSHE),多仓,2659453股,2659453股,6.58,17499200.74,585079.66,6.36,-,0,79783.59,0股,27.1%
2016-12-09,,Cash,,,,,47147308.62,,,,,,
2016-12-12,股票,纳川股份(300198.XSHE),多仓,2659453股,2659453股,6.4,17020499.2,106378.12,6.36,-,0,-478701.54,0股,26.5%
2016-12-12,,Cash,,,,,47147308.62,,,,,,
2016-12-13,股票,纳川股份(300198.XSHE),多仓,2659453股,2659453股,6.38,16967310.14,53189.06,6.36,-,0,-53189.06,0股,26.5%
2016-12-13,,Cash,,,,,47147308.62,,,,,,
2016-12-14,股票,纳川股份(300198.XSHE),多仓,2659453股,2659453股,6.46,17180066.38,265945.3,6.36,-,0,212756.24,0股,26.7%
2016-12-14,,Cash,,,,,47147308.62,,,,,,
2016-12-15,,Cash,,,,,64145681.17,,,,,,
2016-12-16,股票,博思软件(300525.XSHE),多仓,566772股,566772股,89.22,50567397.84,1133544,87.22,-,0,1133544,0股,77.5%
2016-12-16,,Cash,,,,,14696997.17,,,,,,
2016-12-19,股票,博思软件(300525.XSHE),多仓,566772股,566772股,89,50442708,1008854.16,87.22,-,0,-124689.84,0股,77.4%
2016-12-19,,Cash,,,,,14696997.17,,,,,,
2016-12-20,股票,博思软件(300525.XSHE),多仓,566772股,566772股,88.59,50210331.48,776477.64,87.22,-,0,-232376.52,0股,77.4%
2016-12-20,,Cash,,,,,14696997.17,,,,,,
2016-12-21,股票,博思软件(300525.XSHE),多仓,566772股,566772股,89.6,50782771.2,1348917.36,87.22,-,0,572439.72,0股,77.6%
2016-12-21,,Cash,,,,,14696997.17,,,,,,
2016-12-22,股票,博思软件(300525.XSHE),多仓,355772股,355772股,88.6,31521399.2,490965.36,87.22,-,0,-355772,0股,48.4%
2016-12-22,,Cash,,,,,33575912.63,,,,,,
2016-12-23,股票,博思软件(300525.XSHE),多仓,355772股,355772股,85.52,30425621.44,-604812.4,87.22,-,0,-1095777.76,0股,47.5%
2016-12-23,,Cash,,,,,33575912.63,,,,,,
2016-12-26,股票,博思软件(300525.XSHE),多仓,355772股,355772股,86.7,30845432.4,-185001.44,87.22,-,0,419810.96,0股,47.9%
2016-12-26,,Cash,,,,,33575912.63,,,,,,
2016-12-27,股票,博思软件(300525.XSHE),多仓,355772股,355772股,86.43,30749373.96,-281059.88,87.22,-,0,-96058.44,0股,47.8%
2016-12-27,,Cash,,,,,33575912.63,,,,,,
2016-12-28,股票,博思软件(300525.XSHE),多仓,355772股,355772股,85.22,30318889.84,-711544,87.22,-,0,-430484.12,0股,47.5%
2016-12-28,,Cash,,,,,33575912.63,,,,,,
2016-12-29,,Cash,,,,,63812750.77,,,,,,
2016-12-30,,Cash,,,,,63812750.77,,,,,,
2017-01-03,,Cash,,,,,63812750.77,,,,,,
2017-01-04,,Cash,,,,,63812750.77,,,,,,
2017-01-05,股票,蓝海华腾(300484.XSHE),多仓,717992股,717992股,79.74,57252682.08,-732351.84,80.76,-,0,-732351.84,0股,90.8%
2017-01-05,,Cash,,,,,5810321.34,,,,,,
2017-01-06,股票,南山控股(002314.XSHE),多仓,5152961股,5152961股,7.81,40244625.41,-566825.71,7.92,-,0,-566825.71,0股,64.6%
2017-01-06,,Cash,,,,,22093174.51,,,,,,
2017-01-09,股票,南山控股(002314.XSHE),多仓,5152961股,5152961股,7.9,40708391.9,-103059.22,7.92,-,0,463766.49,0股,64.8%
2017-01-09,,Cash,,,,,22093174.51,,,,,,
2017-01-10,股票,南山控股(002314.XSHE),多仓,5152961股,5152961股,8.02,41326747.22,515296.1,7.92,-,0,618355.32,0股,65.2%
2017-01-10,,Cash,,,,,22093174.51,,,,,,
2017-01-11,股票,南山控股(002314.XSHE),多仓,5152961股,5152961股,7.81,40244625.41,-566825.71,7.92,-,0,-1082121.81,0股,64.6%
2017-01-11,,Cash,,,,,22093174.51,,,,,,
2017-01-12,,Cash,,,,,62234019.29,,,,,,
2017-01-13,,Cash,,,,,62234019.29,,,,,,
2017-01-16,,Cash,,,,,62234019.29,,,,,,
2017-01-17,,Cash,,,,,62234019.29,,,,,,
2017-01-18,股票,创意信息(300366.XSHE),多仓,1439462股,1439462股,30.04,43241438.48,-950044.92,30.7,-,0,-950044.92,0股,70.6%
2017-01-18,,Cash,,,,,18029278.44,,,,,,
2017-01-19,股票,创意信息(300366.XSHE),多仓,188512股,188512股,30.15,5683636.8,-103681.6,30.7,-,0,20736.32,0股,9.3%
2017-01-19,,Cash,,,,,55459018.44,,,,,,
2017-01-20,股票,创意信息(300366.XSHE),多仓,188512股,188512股,30.66,5779777.92,-7540.48,30.7,-,0,96141.12,0股,9.4%
2017-01-20,,Cash,,,,,55459018.44,,,,,,
2017-01-23,股票,创意信息(300366.XSHE),多仓,188512股,188512股,31.14,5870263.68,82945.28,30.7,-,0,90485.76,0股,9.6%
2017-01-23,,Cash,,,,,55459018.44,,,,,,
2017-01-24,股票,创意信息(300366.XSHE),多仓,188512股,188512股,30.38,5726994.56,-60323.84,30.7,-,0,-143269.12,0股,9.4%
2017-01-24,,Cash,,,,,55459018.44,,,,,,
2017-01-25,股票,创意信息(300366.XSHE),多仓,188512股,188512股,31.7,5975830.4,188512,30.7,-,0,248835.84,0股,9.7%
2017-01-25,,Cash,,,,,55459018.44,,,,,,
2017-01-26,股票,天源迪科(300047.XSHE),多仓,3850800股,3850800股,15.93,61343244,-154032,15.97,-,0,-154032,0股,100%
2017-01-26,,Cash,,,,,-94292.93,,,,,,
2017-02-03,股票,天源迪科(300047.XSHE),多仓,3835000股,3835000股,15.57,59710950,-1610700,15.99,-,0,-1610700,0股,100%
2017-02-03,,Cash,,,,,-93925.77,,,,,,
2017-02-06,股票,天源迪科(300047.XSHE),多仓,3835000股,3835000股,15.9,60976500,-345150,15.99,-,0,1265550,0股,100%
2017-02-06,,Cash,,,,,-93925.77,,,,,,
2017-02-07,股票,天源迪科(300047.XSHE),多仓,3835000股,3835000股,15.63,59941050,-1380600,15.99,-,0,-1035450,0股,100%
2017-02-07,,Cash,,,,,-93925.77,,,,,,
2017-02-08,股票,天源迪科(300047.XSHE),多仓,3835000股,3835000股,15.66,60056100,-1265550,15.99,-,0,115050,0股,100%
2017-02-08,,Cash,,,,,-93925.77,,,,,,
2017-02-09,,Cash,,,,,59577700.14,,,,,,
2017-02-10,股票,天源迪科(300047.XSHE),多仓,3754100股,3754100股,15.57,58451337,-1201312,15.89,-,0,-1201312,0股,100%
2017-02-10,,Cash,,,,,-92844.65,,,,,,
2017-02-13,股票,天源迪科(300047.XSHE),多仓,3754100股,3754100股,15.75,59127075,-525574,15.89,-,0,675738,0股,100%
2017-02-13,,Cash,,,,,-92844.65,,,,,,
2017-02-14,股票,天源迪科(300047.XSHE),多仓,3754100股,3754100股,15.65,58751665,-900984,15.89,-,0,-375410,0股,100%
2017-02-14,,Cash,,,,,-92844.65,,,,,,
2017-02-15,股票,天源迪科(300047.XSHE),多仓,3754100股,3754100股,15.29,57400189,-2252460,15.89,-,0,-1351476,0股,100%
2017-02-15,,Cash,,,,,-92844.65,,,,,,
2017-02-16,,Cash,,,,,56745325.55,,,,,,
2017-02-17,,Cash,,,,,56745325.55,,,,,,
2017-02-20,,Cash,,,,,56745325.55,,,,,,
2017-02-21,,Cash,,,,,56745325.55,,,,,,
2017-02-22,股票,红墙股份(002809.XSHE),多仓,855700股,855700股,65.78,56287946,-521977,66.39,-,0,-521977,0股,100%
2017-02-22,,Cash,,,,,-81640.43,,,,,,
2017-02-23,,Cash,,,,,55910938.47,,,,,,
2017-02-24,股票,红墙股份(002809.XSHE),多仓,853900股,853900股,65.87,56246393,273248,65.55,-,0,273248,0股,100%
2017-02-24,,Cash,,,,,-78998.47,,,,,,
2017-02-27,股票,红墙股份(002809.XSHE),多仓,853900股,853900股,64.2,54820380,-1152765,65.55,-,0,-1426013,0股,100%
2017-02-27,,Cash,,,,,-78998.47,,,,,,
2017-02-28,股票,红墙股份(002809.XSHE),多仓,853900股,853900股,64.86,55383954,-589191,65.55,-,0,563574,0股,100%
2017-02-28,,Cash,,,,,-78998.47,,,,,,
2017-03-01,股票,红墙股份(002809.XSHE),多仓,853900股,853900股,66.66,56920974,947829,65.55,-,0,1537020,0股,100%
2017-03-01,,Cash,,,,,-78998.47,,,,,,
2017-03-02,,Cash,,,,,56469501.79,,,,,,
2017-03-03,,Cash,,,,,56469501.79,,,,,,
2017-03-06,股票,GQY视讯(300076.XSHE),多仓,4785500股,4785500股,11.9,56947450,430695,11.81,-,0,430695,0股,100%
2017-03-06,,Cash,,,,,-64208.24,,,,,,
2017-03-07,股票,GQY视讯(300076.XSHE),多仓,4785500股,4785500股,12.05,57665275,1148520,11.81,-,0,717825,0股,100%
2017-03-07,,Cash,,,,,-64208.24,,,,,,
2017-03-08,股票,GQY视讯(300076.XSHE),多仓,4785500股,4785500股,12.03,57569565,1052810,11.81,-,0,-95710,0股,100%
2017-03-08,,Cash,,,,,-64208.24,,,,,,
2017-03-09,,Cash,,,,,57430516.33,,,,,,
2017-03-10,股票,南华仪器(300417.XSHE),多仓,1352500股,1352500股,41.6,56264000,-1230775,42.51,-,0,-1230775,0股,100%
2017-03-10,,Cash,,,,,-81507.1,,,,,,
2017-03-13,股票,南华仪器(300417.XSHE),多仓,1352500股,1352500股,40.93,55357825,-2136950,42.51,-,0,-906175,0股,100%
2017-03-13,,Cash,,,,,-81507.1,,,,,,
2017-03-14,股票,南华仪器(300417.XSHE),多仓,1352500股,1352500股,43.3,58563250,1068475,42.51,-,0,3205425,0股,100%
2017-03-14,,Cash,,,,,-81507.1,,,,,,
2017-03-15,股票,南华仪器(300417.XSHE),多仓,1352500股,1352500股,42.39,57332475,-162300,42.51,-,0,-1230775,0股,100%
2017-03-15,,Cash,,,,,-81507.1,,,,,,
2017-03-16,,Cash,,,,,57176435.68,,,,,,
2017-03-17,股票,双象股份(002395.XSHE),多仓,2355800股,2355800股,23.79,56044482,-1201458,24.3,-,0,-1201458,0股,100%
2017-03-17,,Cash,,,,,-86678.1,,,,,,
2017-03-20,股票,双象股份(002395.XSHE),多仓,2355800股,2355800股,23.78,56020924,-1225016,24.3,-,0,-23558,0股,100%
2017-03-20,,Cash,,,,,-86678.1,,,,,,
2017-03-21,股票,双象股份(002395.XSHE),多仓,2355800股,2355800股,23.97,56468526,-777414,24.3,-,0,447602,0股,100%
2017-03-21,,Cash,,,,,-86678.1,,,,,,
2017-03-22,股票,双象股份(002395.XSHE),多仓,2355800股,2355800股,23.91,56327178,-918762,24.3,-,0,-141348,0股,100%
2017-03-22,,Cash,,,,,-86678.1,,,,,,
2017-03-23,,Cash,,,,,56167274.57,,,,,,
2017-03-24,股票,四川金顶(600678.XSHG),多仓,4020500股,4020500股,14.4,57895200,1648405,13.99,-,0,1648405,0股,100%
2017-03-24,,Cash,,,,,-96394.47,,,,,,
2017-03-27,股票,四川金顶(600678.XSHG),多仓,4020500股,4020500股,14.5,58297250,2050455,13.99,-,0,402050,0股,100%
2017-03-27,,Cash,,,,,-96394.47,,,,,,
2017-03-28,股票,四川金顶(600678.XSHG),多仓,4020500股,4020500股,14.37,57774585,1527790,13.99,-,0,-522665,0股,100%
2017-03-28,,Cash,,,,,-96394.47,,,,,,
2017-03-29,股票,四川金顶(600678.XSHG),多仓,4020500股,4020500股,14.69,59061145,2814350,13.99,-,0,1286560,0股,100%
2017-03-29,,Cash,,,,,-96394.47,,,,,,
2017-03-30,,Cash,,,,,58446290.97,,,,,,
2017-03-31,股票,航天发展(000547.XSHE),多仓,4081400股,4081400股,14.85,60608790,2081514,14.34,-,0,2081514,0股,100%
2017-03-31,,Cash,,,,,-98543.21,,,,,,
2017-04-05,股票,航天发展(000547.XSHE),多仓,4081400股,4081400股,14.95,61016930,2489654,14.34,-,0,408140,0股,100%
2017-04-05,,Cash,,,,,-98543.21,,,,,,
2017-04-06,股票,航天发展(000547.XSHE),多仓,4081400股,4081400股,14.91,60853674,2326398,14.34,-,0,-163256,0股,100%
2017-04-06,,Cash,,,,,-98543.21,,,,,,
2017-04-07,股票,海立股份(600619.XSHG),多仓,5140200股,5140200股,12.09,62145018,1336452,11.83,-,0,1336452,0股,100%
2017-04-07,,Cash,,,,,-69265.67,,,,,,
2017-04-10,股票,海立股份(600619.XSHG),多仓,5140200股,5140200股,11.76,60448752,-359814,11.83,-,0,-1696266,0股,100%
2017-04-10,,Cash,,,,,-69265.67,,,,,,
2017-04-11,股票,海立股份(600619.XSHG),多仓,5140200股,5140200股,11.76,60448752,-359814,11.83,-,0,0,0股,100%
2017-04-11,,Cash,,,,,-69265.67,,,,,,
2017-04-12,股票,海立股份(600619.XSHG),多仓,5140200股,5140200股,11.84,60859968,51402,11.83,-,0,411216,0股,100%
2017-04-12,,Cash,,,,,-69265.67,,,,,,
2017-04-13,股票,海立股份(600619.XSHG),多仓,1588955股,1588955股,11.79,18733779.45,-63558.2,11.83,-,0,-79447.75,0股,30.9%
2017-04-13,,Cash,,,,,41851881.8,,,,,,
2017-04-14,股票,海立股份(600619.XSHG),多仓,1588955股,1588955股,11.45,18193534.75,-603802.9,11.83,-,0,-540244.7,0股,30.3%
2017-04-14,,Cash,,,,,41851881.8,,,,,,
2017-04-17,股票,海立股份(600619.XSHG),多仓,1588955股,1588955股,11.62,18463657.1,-333680.55,11.83,-,0,270122.35,0股,30.6%
2017-04-17,,Cash,,,,,41851881.8,,,,,,
2017-04-18,股票,海立股份(600619.XSHG),多仓,1588955股,1588955股,11.74,18654331.7,-143005.95,11.83,-,0,190674.6,0股,30.8%
2017-04-18,,Cash,,,,,41851881.8,,,,,,
2017-04-19,股票,海立股份(600619.XSHG),多仓,1588955股,1588955股,11.53,18320651.15,-476686.5,11.83,-,0,-333680.55,0股,30.4%
2017-04-19,,Cash,,,,,41851881.8,,,,,,
2017-04-20,,Cash,,,,,60164585,,,,,,
2017-04-21,股票,山东赫达(002810.XSHE),多仓,641823股,641823股,35.5,22784716.5,166873.98,35.24,-,0,166873.98,0股,37.8%
2017-04-21,,Cash,,,,,37539957.13,,,,,,
2017-04-24,股票,山东赫达(002810.XSHE),多仓,641823股,641823股,35.07,22508732.61,-109109.91,35.24,-,0,-275983.89,0股,37.5%
2017-04-24,,Cash,,,,,37539957.13,,,,,,
2017-04-25,股票,山东赫达(002810.XSHE),多仓,641823股,641823股,35.43,22739788.89,121946.37,35.24,-,0,231056.28,0股,37.7%
2017-04-25,,Cash,,,,,37539957.13,,,,,,
2017-04-26,股票,山东赫达(002810.XSHE),多仓,641823股,641823股,35.7,22913081.1,295238.58,35.24,-,0,173292.21,0股,37.9%
2017-04-26,,Cash,,,,,37539957.13,,,,,,
2017-04-27,,Cash,,,,,60250184.29,,,,,,
2017-04-28,股票,天铁股份(300587.XSHE),多仓,1192914股,1192914股,32.59,38877067.26,-214724.52,32.77,-,0,-214724.52,0股,64.8%
2017-04-28,,Cash,,,,,21146664.97,,,,,,
2017-05-02,股票,天铁股份(300587.XSHE),多仓,1192914股,1192914股,32.48,38745846.72,-345945.06,32.77,-,0,-131220.54,0股,64.7%
2017-05-02,,Cash,,,,,21146664.97,,,,,,
2017-05-03,股票,天铁股份(300587.XSHE),多仓,1192914股,1192914股,32.59,38877067.26,-214724.52,32.77,-,0,131220.54,0股,64.8%
2017-05-03,,Cash,,,,,21146664.97,,,,,,
2017-05-04,股票,天铁股份(300587.XSHE),多仓,1192914股,1192914股,31.8,37934665.2,-1157126.58,32.77,-,0,-942402.06,0股,64.2%
2017-05-04,,Cash,,,,,21146664.97,,,,,,
2017-05-05,股票,越秀金控(000987.XSHE),多仓,4024950股,4024950股,11.66,46930917,-1167235.5,11.95,-,0,-1167235.5,0股,81.1%
2017-05-05,,Cash,,,,,10967087.68,,,,,,
2017-05-08,股票,越秀金控(000987.XSHE),多仓,4024950股,4024950股,11.22,45159939,-2938213.5,11.95,-,0,-1770978,0股,80.5%
2017-05-08,,Cash,,,,,10967087.68,,,,,,
2017-05-09,股票,越秀金控(000987.XSHE),多仓,4024950股,4024950股,11.16,44918442,-3179710.5,11.95,-,0,-241497,0股,80.4%
2017-05-09,,Cash,,,,,10967087.68,,,,,,
2017-05-10,股票,越秀金控(000987.XSHE),多仓,4024950股,4024950股,11.07,44556196.5,-3541956,11.95,-,0,-362245.5,0股,80.2%
2017-05-10,,Cash,,,,,10967087.68,,,,,,
2017-05-11,,Cash,,,,,55264375.25,,,,,,
2017-05-12,,Cash,,,,,55264375.25,,,,,,
2017-05-15,股票,正虹科技(000702.XSHE),多仓,6026600股,6026600股,9.12,54962592,-361596,9.18,-,0,-361596,0股,100%
2017-05-15,,Cash,,,,,-76410.01,,,,,,
2017-05-16,股票,正虹科技(000702.XSHE),多仓,6026600股,6026600股,9.37,56469242,1145054,9.18,-,0,1506650,0股,100%
2017-05-16,,Cash,,,,,-76410.01,,,,,,
2017-05-17,股票,正虹科技(000702.XSHE),多仓,6026600股,6026600股,9.34,56288444,964256,9.18,-,0,-180798,0股,100%
2017-05-17,,Cash,,,,,-76410.01,,,,,,
2017-05-18,股票,正虹科技(000702.XSHE),多仓,1601113股,1601113股,9.45,15130517.85,432300.51,9.18,-,0,176122.43,0股,26.9%
2017-05-18,,Cash,,,,,41071312.29,,,,,,
2017-05-19,股票,正虹科技(000702.XSHE),多仓,1601113股,1601113股,9.59,15354673.67,656456.33,9.18,-,0,224155.82,0股,27.2%
2017-05-19,,Cash,,,,,41071312.29,,,,,,
2017-05-22,股票,正虹科技(000702.XSHE),多仓,1601113股,1601113股,9.22,14762261.86,64044.52,9.18,-,0,-592411.81,0股,26.4%
2017-05-22,,Cash,,,,,41071312.29,,,,,,
2017-05-23,股票,正虹科技(000702.XSHE),多仓,1601113股,1601113股,9.25,14810295.25,112077.91,9.18,-,0,48033.39,0股,26.5%
2017-05-23,,Cash,,,,,41071312.29,,,,,,
2017-05-24,股票,正虹科技(000702.XSHE),多仓,1601113股,1601113股,9.42,15082484.46,384267.12,9.18,-,0,272189.21,0股,26.9%
2017-05-24,,Cash,,,,,41071312.29,,,,,,
2017-05-25,,Cash,,,,,56022257.31,,,,,,
2017-05-26,,Cash,,,,,56022257.31,,,,,,
2017-05-31,,Cash,,,,,56022257.31,,,,,,
2017-06-01,,Cash,,,,,56022257.31,,,,,,
2017-06-02,,Cash,,,,,56022257.31,,,,,,
2017-06-05,,Cash,,,,,56022257.31,,,,,,
2017-06-06,,Cash,,,,,56022257.31,,,,,,
2017-06-07,股票,金财互联(002530.XSHE),多仓,2122000股,2122000股,27.28,57888160,1803700,26.43,-,0,1803700,0股,100%
2017-06-07,,Cash,,,,,-79028.03,,,,,,
2017-06-08,股票,金财互联(002530.XSHE),多仓,130491股,130491股,26.82,3499768.62,50891.49,26.43,-,0,-60025.86,0股,6.1%
2017-06-08,,Cash,,,,,53482588.6,,,,,,
2017-06-09,股票,金财互联(002530.XSHE),多仓,130491股,130491股,26.87,3506293.17,57416.04,26.43,-,0,6524.55,0股,6.2%
2017-06-09,,Cash,,,,,53482588.6,,,,,,
2017-06-12,股票,金财互联(002530.XSHE),多仓,130491股,130491股,25.68,3351008.88,-97868.25,26.43,-,0,-155284.29,0股,5.9%
2017-06-12,,Cash,,,,,53482588.6,,,,,,
2017-06-13,股票,金财互联(002530.XSHE),多仓,130491股,130491股,25.96,3387546.36,-61330.77,26.43,-,0,36537.48,0股,6%
2017-06-13,,Cash,,,,,53482588.6,,,,,,
2017-06-14,股票,金财互联(002530.XSHE),多仓,130491股,130491股,24.52,3199639.32,-249237.81,26.43,-,0,-187907.04,0股,5.6%
2017-06-14,,Cash,,,,,53482588.6,,,,,,
2017-06-15,,Cash,,,,,56681978.03,,,,,,
2017-06-16,,Cash,,,,,56681978.03,,,,,,
2017-06-19,,Cash,,,,,56681978.03,,,,,,
2017-06-20,,Cash,,,,,56681978.03,,,,,,
2017-06-21,,Cash,,,,,56681978.03,,,,,,
2017-06-22,,Cash,,,,,56681978.03,,,,,,
2017-06-23,股票,亚泰国际(002811.XSHE),多仓,2384601股,2384601股,23.9,56991963.9,643842.27,23.63,-,0,643842.27,0股,99.4%
2017-06-23,,Cash,,,,,316951.96,,,,,,
2017-06-26,股票,亚泰国际(002811.XSHE),多仓,2384601股,2384601股,24.1,57468884.1,1120762.47,23.63,-,0,476920.2,0股,99.5%
2017-06-26,,Cash,,,,,316951.96,,,,,,
2017-06-27,股票,亚泰国际(002811.XSHE),多仓,2384601股,2384601股,24.58,58613492.58,2265370.95,23.63,-,0,1144608.48,0股,99.5%
2017-06-27,,Cash,,,,,316951.96,,,,,,
2017-06-28,股票,亚泰国际(002811.XSHE),多仓,2384601股,2384601股,24.08,57421192.08,1073070.45,23.63,-,0,-1192300.5,0股,99.5%
2017-06-28,,Cash,,,,,316951.96,,,,,,
2017-06-29,股票,亚泰国际(002811.XSHE),多仓,1048626股,1048626股,24.17,25345290.42,566258.04,23.63,-,0,94376.34,0股,43.9%
2017-06-29,,Cash,,,,,32432066.22,,,,,,
2017-06-30,股票,亚泰国际(002811.XSHE),多仓,1048626股,1048626股,24.48,25670364.48,891332.1,23.63,-,0,325074.06,0股,44.2%
2017-06-30,,Cash,,,,,32432066.22,,,,,,
2017-07-03,股票,亚泰国际(002811.XSHE),多仓,1048626股,1048626股,24.85,26058356.1,1279323.72,23.63,-,0,387991.62,0股,44.6%
2017-07-03,,Cash,,,,,32432066.22,,,,,,
2017-07-04,股票,亚泰国际(002811.XSHE),多仓,1048626股,1048626股,24.72,25922034.72,1143002.34,23.63,-,0,-136321.38,0股,44.4%
2017-07-04,,Cash,,,,,32432066.22,,,,,,
2017-07-05,股票,亚泰国际(002811.XSHE),多仓,1048626股,1048626股,24.89,26100301.14,1321268.76,23.63,-,0,178266.42,0股,44.6%
2017-07-05,,Cash,,,,,32432066.22,,,,,,
2017-07-06,,Cash,,,,,58508909.6,,,,,,
2017-07-07,,Cash,,,,,58508909.6,,,,,,
2017-07-10,股票,中环装备(300140.XSHE),多仓,3484700股,3484700股,16.8,58542960,-34847,16.81,-,0,-34847,0股,100%
2017-07-10,,Cash,,,,,-86470.74,,,,,,
2017-07-11,股票,中环装备(300140.XSHE),多仓,3484700股,3484700股,16.15,56277905,-2299902,16.81,-,0,-2265055,0股,100%
2017-07-11,,Cash,,,,,-86470.74,,,,,,
2017-07-12,股票,中环装备(300140.XSHE),多仓,3484700股,3484700股,17.31,60320157,1742350,16.81,-,0,4042252,0股,100%
2017-07-12,,Cash,,,,,-86470.74,,,,,,
2017-07-13,股票,中环装备(300140.XSHE),多仓,3484700股,3484700股,17.31,60320157,1742350,16.81,-,0,0,0股,100%
2017-07-13,,Cash,,,,,-86470.74,,,,,,
2017-07-14,股票,中环装备(300140.XSHE),多仓,3484700股,3484700股,17.31,60320157,1742350,16.81,-,0,0,0股,100%
2017-07-14,,Cash,,,,,-86470.74,,,,,,
2017-07-17,股票,中环装备(300140.XSHE),多仓,3484700股,3484700股,17.31,60320157,1742350,16.81,-,0,0,0股,100%
2017-07-17,,Cash,,,,,-86470.74,,,,,,
2017-07-18,股票,中环装备(300140.XSHE),多仓,3484700股,3484700股,17.31,60320157,1742350,16.81,-,0,0,0股,100%
2017-07-18,,Cash,,,,,-86470.74,,,,,,
2017-07-19,股票,中环装备(300140.XSHE),多仓,3484700股,3484700股,17.31,60320157,1742350,16.81,-,0,0,0股,100%
2017-07-19,,Cash,,,,,-86470.74,,,,,,
2017-07-20,股票,中环装备(300140.XSHE),多仓,3484700股,3484700股,17.31,60320157,1742350,16.81,-,0,0,0股,100%
2017-07-20,,Cash,,,,,-86470.74,,,,,,
2017-07-21,股票,中环装备(300140.XSHE),多仓,3484700股,3484700股,17.31,60320157,1742350,16.81,-,0,0,0股,100%
2017-07-21,,Cash,,,,,-86470.74,,,,,,
2017-07-24,股票,中环装备(300140.XSHE),多仓,3484700股,3484700股,17.31,60320157,1742350,16.81,-,0,0,0股,100%
2017-07-24,,Cash,,,,,-86470.74,,,,,,
2017-07-25,股票,中环装备(300140.XSHE),多仓,3484700股,3484700股,17.31,60320157,1742350,16.81,-,0,0,0股,100%
2017-07-25,,Cash,,,,,-86470.74,,,,,,
2017-07-26,股票,中环装备(300140.XSHE),多仓,3484700股,3484700股,17.31,60320157,1742350,16.81,-,0,0,0股,100%
2017-07-26,,Cash,,,,,-86470.74,,,,,,
2017-07-27,股票,中环装备(300140.XSHE),多仓,3484700股,3484700股,17.31,60320157,1742350,16.81,-,0,0,0股,100%
2017-07-27,,Cash,,,,,-86470.74,,,,,,
2017-07-28,股票,中环装备(300140.XSHE),多仓,3484700股,3484700股,17.31,60320157,1742350,16.81,-,0,0,0股,100%
2017-07-28,,Cash,,,,,-86470.74,,,,,,
2017-07-31,股票,中环装备(300140.XSHE),多仓,3484700股,3484700股,17.31,60320157,1742350,16.81,-,0,0,0股,100%
2017-07-31,,Cash,,,,,-86470.74,,,,,,
2017-08-01,股票,中环装备(300140.XSHE),多仓,3484700股,3484700股,17.31,60320157,1742350,16.81,-,0,0,0股,100%
2017-08-01,,Cash,,,,,-86470.74,,,,,,
2017-08-02,股票,中环装备(300140.XSHE),多仓,3484700股,3484700股,17.31,60320157,1742350,16.81,-,0,0,0股,100%
2017-08-02,,Cash,,,,,-86470.74,,,,,,
2017-08-03,股票,中环装备(300140.XSHE),多仓,3484700股,3484700股,17.31,60320157,1742350,16.81,-,0,0,0股,100%
2017-08-03,,Cash,,,,,-86470.74,,,,,,
2017-08-04,股票,中环装备(300140.XSHE),多仓,3484700股,3484700股,17.31,60320157,1742350,16.81,-,0,0,0股,100%
2017-08-04,,Cash,,,,,-86470.74,,,,,,
2017-08-07,股票,中环装备(300140.XSHE),多仓,3484700股,3484700股,17.31,60320157,1742350,16.81,-,0,0,0股,100%
2017-08-07,,Cash,,,,,-86470.74,,,,,,
2017-08-08,股票,中环装备(300140.XSHE),多仓,3484700股,3484700股,17.31,60320157,1742350,16.81,-,0,0,0股,100%
2017-08-08,,Cash,,,,,-86470.74,,,,,,
2017-08-09,股票,中环装备(300140.XSHE),多仓,3484700股,3484700股,17.31,60320157,1742350,16.81,-,0,0,0股,100%
2017-08-09,,Cash,,,,,-86470.74,,,,,,
2017-08-10,股票,中环装备(300140.XSHE),多仓,3484700股,3484700股,17.31,60320157,1742350,16.81,-,0,0,0股,100%
2017-08-10,,Cash,,,,,-86470.74,,,,,,
2017-08-11,股票,中环装备(300140.XSHE),多仓,3484700股,3484700股,17.31,60320157,1742350,16.81,-,0,0,0股,100%
2017-08-11,,Cash,,,,,-86470.74,,,,,,
2017-08-14,股票,中环装备(300140.XSHE),多仓,3484700股,3484700股,17.31,60320157,1742350,16.81,-,0,0,0股,100%
2017-08-14,,Cash,,,,,-86470.74,,,,,,
2017-08-15,股票,中环装备(300140.XSHE),多仓,3484700股,3484700股,17.31,60320157,1742350,16.81,-,0,0,0股,100%
2017-08-15,,Cash,,,,,-86470.74,,,,,,
2017-08-16,股票,中环装备(300140.XSHE),多仓,3484700股,3484700股,17.31,60320157,1742350,16.81,-,0,0,0股,100%
2017-08-16,,Cash,,,,,-86470.74,,,,,,
2017-08-17,股票,中环装备(300140.XSHE),多仓,3484700股,3484700股,17.31,60320157,1742350,16.81,-,0,0,0股,100%
2017-08-17,,Cash,,,,,-86470.74,,,,,,
2017-08-18,股票,中环装备(300140.XSHE),多仓,3484700股,3484700股,17.31,60320157,1742350,16.81,-,0,0,0股,100%
2017-08-18,,Cash,,,,,-86470.74,,,,,,
2017-08-21,股票,中环装备(300140.XSHE),多仓,3484700股,3484700股,17.31,60320157,1742350,16.81,-,0,0,0股,100%
2017-08-21,,Cash,,,,,-86470.74,,,,,,
2017-08-22,股票,中环装备(300140.XSHE),多仓,3484700股,3484700股,17.31,60320157,1742350,16.81,-,0,0,0股,100%
2017-08-22,,Cash,,,,,-86470.74,,,,,,
2017-08-23,股票,中环装备(300140.XSHE),多仓,3484700股,3484700股,17.31,60320157,1742350,16.81,-,0,0,0股,100%
2017-08-23,,Cash,,,,,-86470.74,,,,,,
2017-08-24,股票,中环装备(300140.XSHE),多仓,3484700股,3484700股,17.31,60320157,1742350,16.81,-,0,0,0股,100%
2017-08-24,,Cash,,,,,-86470.74,,,,,,
2017-08-25,股票,中环装备(300140.XSHE),多仓,3484700股,3484700股,17.31,60320157,1742350,16.81,-,0,0,0股,100%
2017-08-25,,Cash,,,,,-86470.74,,,,,,
2017-08-28,股票,中环装备(300140.XSHE),多仓,3484700股,3484700股,17.31,60320157,1742350,16.81,-,0,0,0股,100%
2017-08-28,,Cash,,,,,-86470.74,,,,,,
2017-08-29,股票,中环装备(300140.XSHE),多仓,3484700股,3484700股,17.31,60320157,1742350,16.81,-,0,0,0股,100%
2017-08-29,,Cash,,,,,-86470.74,,,,,,
2017-08-30,股票,中环装备(300140.XSHE),多仓,3484700股,3484700股,17.31,60320157,1742350,16.81,-,0,0,0股,100%
2017-08-30,,Cash,,,,,-86470.74,,,,,,
2017-08-31,股票,中环装备(300140.XSHE),多仓,3484700股,3484700股,17.31,60320157,1742350,16.81,-,0,0,0股,100%
2017-08-31,,Cash,,,,,-86470.74,,,,,,
2017-09-01,股票,中环装备(300140.XSHE),多仓,3484700股,3484700股,17.31,60320157,1742350,16.81,-,0,0,0股,100%
2017-09-01,,Cash,,,,,-86470.74,,,,,,
2017-09-04,股票,中环装备(300140.XSHE),多仓,3484700股,3484700股,17.31,60320157,1742350,16.81,-,0,0,0股,100%
2017-09-04,,Cash,,,,,-86470.74,,,,,,
2017-09-05,股票,中环装备(300140.XSHE),多仓,3484700股,3484700股,17.31,60320157,1742350,16.81,-,0,0,0股,100%
2017-09-05,,Cash,,,,,-86470.74,,,,,,
2017-09-06,股票,中环装备(300140.XSHE),多仓,3484700股,3484700股,17.31,60320157,1742350,16.81,-,0,0,0股,100%
2017-09-06,,Cash,,,,,-86470.74,,,,,,
2017-09-07,股票,中环装备(300140.XSHE),多仓,3484700股,3484700股,17.31,60320157,1742350,16.81,-,0,0,0股,100%
2017-09-07,,Cash,,,,,-86470.74,,,,,,
2017-09-08,股票,中环装备(300140.XSHE),多仓,3484700股,3484700股,17.31,60320157,1742350,16.81,-,0,0,0股,100%
2017-09-08,,Cash,,,,,-86470.74,,,,,,
2017-09-11,股票,中环装备(300140.XSHE),多仓,3484700股,3484700股,17.31,60320157,1742350,16.81,-,0,0,0股,100%
2017-09-11,,Cash,,,,,-86470.74,,,,,,
2017-09-12,股票,中环装备(300140.XSHE),多仓,3484700股,3484700股,17.31,60320157,1742350,16.81,-,0,0,0股,100%
2017-09-12,,Cash,,,,,-86470.74,,,,,,
2017-09-13,股票,中环装备(300140.XSHE),多仓,3484700股,3484700股,17.31,60320157,1742350,16.81,-,0,0,0股,100%
2017-09-13,,Cash,,,,,-86470.74,,,,,,
2017-09-14,股票,中环装备(300140.XSHE),多仓,3484700股,3484700股,17.31,60320157,1742350,16.81,-,0,0,0股,100%
2017-09-14,,Cash,,,,,-86470.74,,,,,,
2017-09-15,股票,中环装备(300140.XSHE),多仓,3484700股,3484700股,17.31,60320157,1742350,16.81,-,0,0,0股,100%
2017-09-15,,Cash,,,,,-86470.74,,,,,,
2017-09-18,股票,中环装备(300140.XSHE),多仓,3484700股,3484700股,17.31,60320157,1742350,16.81,-,0,0,0股,100%
2017-09-18,,Cash,,,,,-86470.74,,,,,,
2017-09-19,股票,中环装备(300140.XSHE),多仓,3484700股,3484700股,17.31,60320157,1742350,16.81,-,0,0,0股,100%
2017-09-19,,Cash,,,,,-86470.74,,,,,,
2017-09-20,股票,中环装备(300140.XSHE),多仓,3484700股,3484700股,17.31,60320157,1742350,16.81,-,0,0,0股,100%
2017-09-20,,Cash,,,,,-86470.74,,,,,,
2017-09-21,股票,中环装备(300140.XSHE),多仓,3484700股,3484700股,17.31,60320157,1742350,16.81,-,0,0,0股,100%
2017-09-21,,Cash,,,,,-86470.74,,,,,,
2017-09-22,股票,中环装备(300140.XSHE),多仓,3484700股,3484700股,17.31,60320157,1742350,16.81,-,0,0,0股,100%
2017-09-22,,Cash,,,,,-86470.74,,,,,,
2017-09-25,股票,中环装备(300140.XSHE),多仓,3484700股,3484700股,17.31,60320157,1742350,16.81,-,0,0,0股,100%
2017-09-25,,Cash,,,,,-86470.74,,,,,,
2017-09-26,股票,中环装备(300140.XSHE),多仓,3484700股,3484700股,17.31,60320157,1742350,16.81,-,0,0,0股,100%
2017-09-26,,Cash,,,,,-86470.74,,,,,,
2017-09-27,股票,中环装备(300140.XSHE),多仓,3484700股,3484700股,17.31,60320157,1742350,16.81,-,0,0,0股,100%
2017-09-27,,Cash,,,,,-86470.74,,,,,,
2017-09-28,股票,中环装备(300140.XSHE),多仓,3484700股,3484700股,17.31,60320157,1742350,16.81,-,0,0,0股,100%
2017-09-28,,Cash,,,,,-86470.74,,,,,,
2017-09-29,股票,中环装备(300140.XSHE),多仓,3484700股,3484700股,17.31,60320157,1742350,16.81,-,0,0,0股,100%
2017-09-29,,Cash,,,,,-86470.74,,,,,,
2017-10-09,股票,中环装备(300140.XSHE),多仓,3484700股,3484700股,17.31,60320157,1742350,16.81,-,0,0,0股,100%
2017-10-09,,Cash,,,,,-86470.74,,,,,,
2017-10-10,股票,中环装备(300140.XSHE),多仓,3484700股,3484700股,17.31,60320157,1742350,16.81,-,0,0,0股,100%
2017-10-10,,Cash,,,,,-86470.74,,,,,,
2017-10-11,股票,中环装备(300140.XSHE),多仓,3484700股,3484700股,17.31,60320157,1742350,16.81,-,0,0,0股,100%
2017-10-11,,Cash,,,,,-86470.74,,,,,,
2017-10-12,股票,中环装备(300140.XSHE),多仓,3484700股,3484700股,17.31,60320157,1742350,16.81,-,0,0,0股,100%
2017-10-12,,Cash,,,,,-86470.74,,,,,,
2017-10-13,股票,中环装备(300140.XSHE),多仓,3484700股,3484700股,17.31,60320157,1742350,16.81,-,0,0,0股,100%
2017-10-13,,Cash,,,,,-86470.74,,,,,,
2017-10-16,股票,中环装备(300140.XSHE),多仓,3484700股,3484700股,17.31,60320157,1742350,16.81,-,0,0,0股,100%
2017-10-16,,Cash,,,,,-86470.74,,,,,,
2017-10-17,股票,中环装备(300140.XSHE),多仓,3484700股,3484700股,17.31,60320157,1742350,16.81,-,0,0,0股,100%
2017-10-17,,Cash,,,,,-86470.74,,,,,,
2017-10-18,股票,中环装备(300140.XSHE),多仓,3484700股,3484700股,17.31,60320157,1742350,16.81,-,0,0,0股,100%
2017-10-18,,Cash,,,,,-86470.74,,,,,,
2017-10-19,股票,中环装备(300140.XSHE),多仓,3484700股,3484700股,17.31,60320157,1742350,16.81,-,0,0,0股,100%
2017-10-19,,Cash,,,,,-86470.74,,,,,,
2017-10-20,股票,中环装备(300140.XSHE),多仓,3484700股,3484700股,17.31,60320157,1742350,16.81,-,0,0,0股,100%
2017-10-20,,Cash,,,,,-86470.74,,,,,,
2017-10-23,股票,中环装备(300140.XSHE),多仓,3484700股,3484700股,17.31,60320157,1742350,16.81,-,0,0,0股,100%
2017-10-23,,Cash,,,,,-86470.74,,,,,,
2017-10-24,股票,中环装备(300140.XSHE),多仓,3484700股,3484700股,17.31,60320157,1742350,16.81,-,0,0,0股,100%
2017-10-24,,Cash,,,,,-86470.74,,,,,,
2017-10-25,股票,中环装备(300140.XSHE),多仓,3484700股,3484700股,17.31,60320157,1742350,16.81,-,0,0,0股,100%
2017-10-25,,Cash,,,,,-86470.74,,,,,,
2017-10-26,股票,中环装备(300140.XSHE),多仓,3484700股,3484700股,17.31,60320157,1742350,16.81,-,0,0,0股,100%
2017-10-26,,Cash,,,,,-86470.74,,,,,,
2017-10-27,股票,中环装备(300140.XSHE),多仓,3484700股,3484700股,17.31,60320157,1742350,16.81,-,0,0,0股,100%
2017-10-27,,Cash,,,,,-86470.74,,,,,,
2017-10-30,股票,中环装备(300140.XSHE),多仓,3484700股,3484700股,17.31,60320157,1742350,16.81,-,0,0,0股,100%
2017-10-30,,Cash,,,,,-86470.74,,,,,,
2017-10-31,股票,中环装备(300140.XSHE),多仓,3484700股,3484700股,17.31,60320157,1742350,16.81,-,0,0,0股,100%
2017-10-31,,Cash,,,,,-86470.74,,,,,,
2017-11-01,股票,中环装备(300140.XSHE),多仓,3484700股,3484700股,17.31,60320157,1742350,16.81,-,0,0,0股,100%
2017-11-01,,Cash,,,,,-86470.74,,,,,,
2017-11-02,股票,中环装备(300140.XSHE),多仓,3484700股,3484700股,17.31,60320157,1742350,16.81,-,0,0,0股,100%
2017-11-02,,Cash,,,,,-86470.74,,,,,,
2017-11-03,股票,中环装备(300140.XSHE),多仓,3484700股,3484700股,17.31,60320157,1742350,16.81,-,0,0,0股,100%
2017-11-03,,Cash,,,,,-86470.74,,,,,,
2017-11-06,股票,中环装备(300140.XSHE),多仓,3484700股,3484700股,17.31,60320157,1742350,16.81,-,0,0,0股,100%
2017-11-06,,Cash,,,,,-86470.74,,,,,,
2017-11-07,股票,中环装备(300140.XSHE),多仓,3484700股,3484700股,17.31,60320157,1742350,16.81,-,0,0,0股,100%
2017-11-07,,Cash,,,,,-86470.74,,,,,,
2017-11-08,股票,中环装备(300140.XSHE),多仓,3484700股,3484700股,17.31,60320157,1742350,16.81,-,0,0,0股,100%
2017-11-08,,Cash,,,,,-86470.74,,,,,,
2017-11-09,股票,中环装备(300140.XSHE),多仓,3484700股,3484700股,17.31,60320157,1742350,16.81,-,0,0,0股,100%
2017-11-09,,Cash,,,,,-86470.74,,,,,,
2017-11-10,股票,中环装备(300140.XSHE),多仓,3484700股,3484700股,17.31,60320157,1742350,16.81,-,0,0,0股,100%
2017-11-10,,Cash,,,,,-86470.74,,,,,,
2017-11-13,股票,中环装备(300140.XSHE),多仓,3484700股,3484700股,17.31,60320157,1742350,16.81,-,0,0,0股,100%
2017-11-13,,Cash,,,,,-86470.74,,,,,,
2017-11-14,股票,中环装备(300140.XSHE),多仓,3484700股,3484700股,17.31,60320157,1742350,16.81,-,0,0,0股,100%
2017-11-14,,Cash,,,,,-86470.74,,,,,,
2017-11-15,股票,中环装备(300140.XSHE),多仓,3484700股,3484700股,17.31,60320157,1742350,16.81,-,0,0,0股,100%
2017-11-15,,Cash,,,,,-86470.74,,,,,,
2017-11-16,股票,中环装备(300140.XSHE),多仓,3484700股,3484700股,17.31,60320157,1742350,16.81,-,0,0,0股,100%
2017-11-16,,Cash,,,,,-86470.74,,,,,,
2017-11-17,股票,中环装备(300140.XSHE),多仓,3484700股,3484700股,17.31,60320157,1742350,16.81,-,0,0,0股,100%
2017-11-17,,Cash,,,,,-86470.74,,,,,,
2017-11-20,股票,中环装备(300140.XSHE),多仓,3484700股,3484700股,17.31,60320157,1742350,16.81,-,0,0,0股,100%
2017-11-20,,Cash,,,,,-86470.74,,,,,,
2017-11-21,股票,中环装备(300140.XSHE),多仓,3484700股,3484700股,17.31,60320157,1742350,16.81,-,0,0,0股,100%
2017-11-21,,Cash,,,,,-86470.74,,,,,,
2017-11-22,股票,中环装备(300140.XSHE),多仓,3484700股,3484700股,17.31,60320157,1742350,16.81,-,0,0,0股,100%
2017-11-22,,Cash,,,,,-86470.74,,,,,,
2017-11-23,股票,中环装备(300140.XSHE),多仓,3484700股,3484700股,17.31,60320157,1742350,16.81,-,0,0,0股,100%
2017-11-23,,Cash,,,,,-86470.74,,,,,,
2017-11-24,股票,中环装备(300140.XSHE),多仓,3484700股,3484700股,17.31,60320157,1742350,16.81,-,0,0,0股,100%
2017-11-24,,Cash,,,,,-86470.74,,,,,,
2017-11-27,股票,中环装备(300140.XSHE),多仓,3484700股,3484700股,17.31,60320157,1742350,16.81,-,0,0,0股,100%
2017-11-27,,Cash,,,,,-86470.74,,,,,,
2017-11-28,股票,中环装备(300140.XSHE),多仓,3484700股,3484700股,17.31,60320157,1742350,16.81,-,0,0,0股,100%
2017-11-28,,Cash,,,,,-86470.74,,,,,,
2017-11-29,股票,中环装备(300140.XSHE),多仓,3484700股,3484700股,17.31,60320157,1742350,16.81,-,0,0,0股,100%
2017-11-29,,Cash,,,,,-86470.74,,,,,,
2017-11-30,股票,中环装备(300140.XSHE),多仓,3484700股,3484700股,17.31,60320157,1742350,16.81,-,0,0,0股,100%
2017-11-30,,Cash,,,,,-86470.74,,,,,,
2017-12-01,股票,中环装备(300140.XSHE),多仓,3484700股,3484700股,17.31,60320157,1742350,16.81,-,0,0,0股,100%
2017-12-01,,Cash,,,,,-86470.74,,,,,,
2017-12-04,股票,中环装备(300140.XSHE),多仓,3484700股,3484700股,17.31,60320157,1742350,16.81,-,0,0,0股,100%
2017-12-04,,Cash,,,,,-86470.74,,,,,,
2017-12-05,股票,中环装备(300140.XSHE),多仓,3484700股,3484700股,17.31,60320157,1742350,16.81,-,0,0,0股,100%
2017-12-05,,Cash,,,,,-86470.74,,,,,,
2017-12-06,股票,中环装备(300140.XSHE),多仓,3484700股,3484700股,17.31,60320157,1742350,16.81,-,0,0,0股,100%
2017-12-06,,Cash,,,,,-86470.74,,,,,,
2017-12-07,股票,中环装备(300140.XSHE),多仓,3484700股,3484700股,17.31,60320157,1742350,16.81,-,0,0,0股,100%
2017-12-07,,Cash,,,,,-86470.74,,,,,,
2017-12-08,股票,中环装备(300140.XSHE),多仓,3484700股,3484700股,17.31,60320157,1742350,16.81,-,0,0,0股,100%
2017-12-08,,Cash,,,,,-86470.74,,,,,,
2017-12-11,股票,中环装备(300140.XSHE),多仓,3484700股,3484700股,17.31,60320157,1742350,16.81,-,0,0,0股,100%
2017-12-11,,Cash,,,,,-86470.74,,,,,,
2017-12-12,股票,中环装备(300140.XSHE),多仓,3484700股,3484700股,17.31,60320157,1742350,16.81,-,0,0,0股,100%
2017-12-12,,Cash,,,,,-86470.74,,,,,,
2017-12-13,股票,中环装备(300140.XSHE),多仓,3484700股,3484700股,17.31,60320157,1742350,16.81,-,0,0,0股,100%
2017-12-13,,Cash,,,,,-86470.74,,,,,,
2017-12-14,股票,中环装备(300140.XSHE),多仓,3484700股,3484700股,17.31,60320157,1742350,16.81,-,0,0,0股,100%
2017-12-14,,Cash,,,,,-86470.74,,,,,,
2017-12-15,股票,中环装备(300140.XSHE),多仓,3484700股,3484700股,17.31,60320157,1742350,16.81,-,0,0,0股,100%
2017-12-15,,Cash,,,,,-86470.74,,,,,,
2017-12-18,股票,中环装备(300140.XSHE),多仓,3484700股,3484700股,17.31,60320157,1742350,16.81,-,0,0,0股,100%
2017-12-18,,Cash,,,,,-86470.74,,,,,,
2017-12-19,股票,中环装备(300140.XSHE),多仓,3484700股,3484700股,17.31,60320157,1742350,16.81,-,0,0,0股,100%
2017-12-19,,Cash,,,,,-86470.74,,,,,,
2017-12-20,股票,中环装备(300140.XSHE),多仓,3484700股,3484700股,17.31,60320157,1742350,16.81,-,0,0,0股,100%
2017-12-20,,Cash,,,,,-86470.74,,,,,,
2017-12-21,股票,中环装备(300140.XSHE),多仓,3484700股,3484700股,17.31,60320157,1742350,16.81,-,0,0,0股,100%
2017-12-21,,Cash,,,,,-86470.74,,,,,,
2017-12-22,股票,中环装备(300140.XSHE),多仓,3484700股,3484700股,17.31,60320157,1742350,16.81,-,0,0,0股,100%
2017-12-22,,Cash,,,,,-86470.74,,,,,,
2017-12-25,股票,中环装备(300140.XSHE),多仓,3484700股,3484700股,17.31,60320157,1742350,16.81,-,0,0,0股,100%
2017-12-25,,Cash,,,,,-86470.74,,,,,,
2017-12-26,股票,中环装备(300140.XSHE),多仓,3484700股,3484700股,17.31,60320157,1742350,16.81,-,0,0,0股,100%
2017-12-26,,Cash,,,,,-86470.74,,,,,,
2017-12-27,股票,中环装备(300140.XSHE),多仓,3484700股,3484700股,17.31,60320157,1742350,16.81,-,0,0,0股,100%
2017-12-27,,Cash,,,,,-86470.74,,,,,,
2017-12-28,股票,中环装备(300140.XSHE),多仓,3484700股,3484700股,17.31,60320157,1742350,16.81,-,0,0,0股,100%
2017-12-28,,Cash,,,,,-86470.74,,,,,,
2017-12-29,股票,中环装备(300140.XSHE),多仓,3484700股,3484700股,17.31,60320157,1742350,16.81,-,0,0,0股,100%
2017-12-29,,Cash,,,,,-86470.74,,,,,,
2018-01-02,股票,中环装备(300140.XSHE),多仓,3484700股,3484700股,17.31,60320157,1742350,16.81,-,0,0,0股,100%
2018-01-02,,Cash,,,,,-86470.74,,,,,,
2018-01-03,股票,中环装备(300140.XSHE),多仓,3484700股,3484700股,17.31,60320157,1742350,16.81,-,0,0,0股,100%
2018-01-03,,Cash,,,,,-86470.74,,,,,,
2018-01-04,股票,中环装备(300140.XSHE),多仓,3484700股,3484700股,17.31,60320157,1742350,16.81,-,0,0,0股,100%
2018-01-04,,Cash,,,,,-86470.74,,,,,,
2018-01-05,股票,中环装备(300140.XSHE),多仓,3484700股,3484700股,17.31,60320157,1742350,16.81,-,0,0,0股,100%
2018-01-05,,Cash,,,,,-86470.74,,,,,,
2018-01-08,股票,中环装备(300140.XSHE),多仓,3484700股,3484700股,17.31,60320157,1742350,16.81,-,0,0,0股,100%
2018-01-08,,Cash,,,,,-86470.74,,,,,,
2018-01-09,股票,中环装备(300140.XSHE),多仓,3484700股,3484700股,17.31,60320157,1742350,16.81,-,0,0,0股,100%
2018-01-09,,Cash,,,,,-86470.74,,,,,,
2018-01-10,股票,中环装备(300140.XSHE),多仓,3484700股,3484700股,17.31,60320157,1742350,16.81,-,0,0,0股,100%
2018-01-10,,Cash,,,,,-86470.74,,,,,,
2018-01-11,股票,中环装备(300140.XSHE),多仓,3484700股,3484700股,17.31,60320157,1742350,16.81,-,0,0,0股,100%
2018-01-11,,Cash,,,,,-86470.74,,,,,,
2018-01-12,股票,中环装备(300140.XSHE),多仓,3484700股,3484700股,17.31,60320157,1742350,16.81,-,0,0,0股,100%
2018-01-12,,Cash,,,,,-86470.74,,,,,,
2018-01-15,股票,中环装备(300140.XSHE),多仓,3484700股,3484700股,17.31,60320157,1742350,16.81,-,0,0,0股,100%
2018-01-15,,Cash,,,,,-86470.74,,,,,,
2018-01-16,股票,中环装备(300140.XSHE),多仓,3484700股,3484700股,17.31,60320157,1742350,16.81,-,0,0,0股,100%
2018-01-16,,Cash,,,,,-86470.74,,,,,,
2018-01-17,股票,中环装备(300140.XSHE),多仓,3484700股,3484700股,17.31,60320157,1742350,16.81,-,0,0,0股,100%
2018-01-17,,Cash,,,,,-86470.74,,,,,,
2018-01-18,股票,中环装备(300140.XSHE),多仓,3484700股,3484700股,17.31,60320157,1742350,16.81,-,0,0,0股,100%
2018-01-18,,Cash,,,,,-86470.74,,,,,,
2018-01-19,股票,中环装备(300140.XSHE),多仓,3484700股,3484700股,17.31,60320157,1742350,16.81,-,0,0,0股,100%
2018-01-19,,Cash,,,,,-86470.74,,,,,,
2018-01-22,股票,中环装备(300140.XSHE),多仓,3484700股,3484700股,17.31,60320157,1742350,16.81,-,0,0,0股,100%
2018-01-22,,Cash,,,,,-86470.74,,,,,,
2018-01-23,股票,中环装备(300140.XSHE),多仓,3484700股,3484700股,17.31,60320157,1742350,16.81,-,0,0,0股,100%
2018-01-23,,Cash,,,,,-86470.74,,,,,,
2018-01-24,股票,中环装备(300140.XSHE),多仓,3484700股,3484700股,15.58,54291626,-4286181,16.81,-,0,-6028531,0股,100%
2018-01-24,,Cash,,,,,-86470.74,,,,,,
2018-01-25,股票,中环装备(300140.XSHE),多仓,3484700股,3484700股,14.18,49413046,-9164761,16.81,-,0,-4878580,0股,100%
2018-01-25,,Cash,,,,,-86470.74,,,,,,
2018-01-26,股票,中环装备(300140.XSHE),多仓,3484700股,3484700股,13.78,48019166,-10558641,16.81,-,0,-1393880,0股,100%
2018-01-26,,Cash,,,,,-86470.74,,,,,,
2018-01-29,股票,中环装备(300140.XSHE),多仓,3484700股,3484700股,13.71,47775237,-10802570,16.81,-,0,-243929,0股,100%
2018-01-29,,Cash,,,,,-86470.74,,,,,,
2018-01-30,股票,中环装备(300140.XSHE),多仓,3484700股,3484700股,13.03,45405641,-13172166,16.81,-,0,-2369596,0股,100%
2018-01-30,,Cash,,,,,-86470.74,,,,,,
2018-01-31,股票,中环装备(300140.XSHE),多仓,3484700股,3484700股,12.2,42513340,-16064467,16.81,-,0,-2892301,0股,100%
2018-01-31,,Cash,,,,,-86470.74,,,,,,
2018-02-01,,Cash,,,,,42406403.62,,,,,,
2018-02-02,,Cash,,,,,42406403.62,,,,,,
2018-02-05,,Cash,,,,,42406403.62,,,,,,
2018-02-06,股票,盛洋科技(603703.XSHG),多仓,880300股,880300股,10.5,9243150,-8803,10.51,-,0,-8803,0股,21.8%
2018-02-06,,Cash,,,,,33151675.03,,,,,,
2018-02-07,股票,盛洋科技(603703.XSHG),多仓,880300股,880300股,11.1,9771330,519377,10.51,-,0,528180,0股,22.8%
2018-02-07,,Cash,,,,,33151675.03,,,,,,
2018-02-08,,Cash,,,,,42215769.37,,,,,,
2018-02-09,股票,星网宇达(002829.XSHE),多仓,642812股,642812股,21.9,14077582.8,282837.28,21.46,-,0,282837.28,0股,33.1%
2018-02-09,,Cash,,,,,28416885.43,,,,,,
2018-02-12,股票,星网宇达(002829.XSHE),多仓,642812股,642812股,22.78,14643257.36,848511.84,21.46,-,0,565674.56,0股,34%
2018-02-12,,Cash,,,,,28416885.43,,,,,,
2018-02-13,股票,星网宇达(002829.XSHE),多仓,642812股,642812股,23.02,14797532.24,1002786.72,21.46,-,0,154274.88,0股,34.2%
2018-02-13,,Cash,,,,,28416885.43,,,,,,
2018-02-14,股票,金刚玻璃(300093.XSHE),多仓,5375400股,5375400股,7.76,41713104,-1612620,8.06,-,0,-1612620,0股,100%
2018-02-14,,Cash,,,,,-66503.68,,,,,,
2018-02-22,股票,金刚玻璃(300093.XSHE),多仓,5375400股,5375400股,7.94,42680676,-645048,8.06,-,0,967572,0股,100%
2018-02-22,,Cash,,,,,-66503.68,,,,,,
2018-02-23,股票,金刚玻璃(300093.XSHE),多仓,924500股,924500股,7.94,7340530,-110940,8.06,-,0,0,0股,17.3%
2018-02-23,,Cash,,,,,35094346.72,,,,,,
2018-02-26,股票,金刚玻璃(300093.XSHE),多仓,924500股,924500股,8.27,7645615,194145,8.06,-,0,305085,0股,17.9%
2018-02-26,,Cash,,,,,35094346.72,,,,,,
2018-02-27,股票,金刚玻璃(300093.XSHE),多仓,924500股,924500股,8.35,7719575,268105,8.06,-,0,73960,0股,18%
2018-02-27,,Cash,,,,,35094346.72,,,,,,
2018-02-28,股票,金刚玻璃(300093.XSHE),多仓,924500股,924500股,8.95,8274275,822805,8.06,-,0,554700,0股,19.1%
2018-02-28,,Cash,,,,,35094346.72,,,,,,
2018-03-01,,Cash,,,,,43173205.53,,,,,,
2018-03-02,股票,庄园牧场(002910.XSHE),多仓,2436400股,2436400股,17.47,42563908,-657828,17.74,-,0,-657828,0股,100%
2018-03-02,,Cash,,,,,-61496.99,,,,,,
2018-03-05,股票,庄园牧场(002910.XSHE),多仓,2436400股,2436400股,18.18,44293752,1072016,17.74,-,0,1729844,0股,100%
2018-03-05,,Cash,,,,,-61496.99,,,,,,
2018-03-06,股票,庄园牧场(002910.XSHE),多仓,2436400股,2436400股,18.96,46194144,2972408,17.74,-,0,1900392,0股,100%
2018-03-06,,Cash,,,,,-61496.99,,,,,,
2018-03-07,股票,庄园牧场(002910.XSHE),多仓,2436400股,2436400股,18.52,45122128,1900392,17.74,-,0,-1072016,0股,100%
2018-03-07,,Cash,,,,,-61496.99,,,,,,
2018-03-08,,Cash,,,,,44807313.63,,,,,,
2018-03-09,股票,晶华新材(603683.XSHG),多仓,2062000股,2062000股,21.98,45322760,453640,21.76,-,0,453640,0股,100%
2018-03-09,,Cash,,,,,-75267.11,,,,,,
2018-03-12,股票,晶华新材(603683.XSHG),多仓,2062000股,2062000股,22.41,46209420,1340300,21.76,-,0,886660,0股,100%
2018-03-12,,Cash,,,,,-75267.11,,,,,,
2018-03-13,股票,晶华新材(603683.XSHG),多仓,2062000股,2062000股,21.34,44003080,-866040,21.76,-,0,-2206340,0股,100%
2018-03-13,,Cash,,,,,-75267.11,,,,,,
2018-03-14,股票,晶华新材(603683.XSHG),多仓,2062000股,2062000股,20.96,43219520,-1649600,21.76,-,0,-783560,0股,100%
2018-03-14,,Cash,,,,,-75267.11,,,,,,
2018-03-15,,Cash,,,,,42161373.78,,,,,,
2018-03-16,,Cash,,,,,42161373.78,,,,,,
2018-03-19,,Cash,,,,,42161373.78,,,,,,
2018-03-20,,Cash,,,,,42161373.78,,,,,,
2018-03-21,,Cash,,,,,42161373.78,,,,,,
2018-03-22,,Cash,,,,,42161373.78,,,,,,
2018-03-23,,Cash,,,,,42161373.78,,,,,,
2018-03-26,,Cash,,,,,42161373.78,,,,,,
2018-03-27,,Cash,,,,,42161373.78,,,,,,
2018-03-28,,Cash,,,,,42161373.78,,,,,,
2018-03-29,,Cash,,,,,42161373.78,,,,,,
2018-03-30,股票,神雾节能(000820.XSHE),多仓,2308900股,2308900股,17.95,41444755,-761937,18.28,-,0,-761937,0股,100%
2018-03-30,,Cash,,,,,-57980.23,,,,,,
2018-04-02,股票,神雾节能(000820.XSHE),多仓,2308900股,2308900股,18.75,43291875,1085183,18.28,-,0,1847120,0股,100%
2018-04-02,,Cash,,,,,-57980.23,,,,,,
2018-04-03,股票,神雾节能(000820.XSHE),多仓,2308900股,2308900股,17.83,41167687,-1039005,18.28,-,0,-2124188,0股,100%
2018-04-03,,Cash,,,,,-57980.23,,,,,,
2018-04-04,股票,神雾节能(000820.XSHE),多仓,2300000股,2300000股,17.49,40227000,-621000,17.76,-,0,-621000,0股,100%
2018-04-04,,Cash,,,,,-57714.45,,,,,,
2018-04-09,股票,神雾节能(000820.XSHE),多仓,2300000股,2300000股,17.23,39629000,-1219000,17.76,-,0,-598000,0股,100%
2018-04-09,,Cash,,,,,-57714.45,,,,,,
2018-04-10,股票,神雾节能(000820.XSHE),多仓,2300000股,2300000股,16.05,36915000,-3933000,17.76,-,0,-2714000,0股,100%
2018-04-10,,Cash,,,,,-57714.45,,,,,,
2018-04-11,股票,神雾节能(000820.XSHE),多仓,2300000股,2300000股,16.11,37053000,-3795000,17.76,-,0,138000,0股,100%
2018-04-11,,Cash,,,,,-57714.45,,,,,,
2018-04-12,,Cash,,,,,36786325.95,,,,,,
2018-04-13,,Cash,,,,,36786325.95,,,,,,
2018-04-16,,Cash,,,,,36786325.95,,,,,,
2018-04-17,,Cash,,,,,36786325.95,,,,,,
2018-04-18,,Cash,,,,,36786325.95,,,,,,
2018-04-19,,Cash,,,,,36786325.95,,,,,,
2018-04-20,,Cash,,,,,36786325.95,,,,,,
2018-04-23,,Cash,,,,,36786325.95,,,,,,
2018-04-24,,Cash,,,,,36786325.95,,,,,,
2018-04-25,股票,西王食品(000639.XSHE),多仓,1836731股,1836731股,14.5,26632599.5,422448.13,14.27,-,0,422448.13,0股,71.6%
2018-04-25,,Cash,,,,,10568311.53,,,,,,
2018-04-26,股票,西王食品(000639.XSHE),多仓,211035股,211035股,14.2,2996697,-14772.45,14.27,-,0,-63310.5,0股,8.1%
2018-04-26,,Cash,,,,,34077787.51,,,,,,
2018-04-27,股票,西王食品(000639.XSHE),多仓,211035股,211035股,14.21,2998807.35,-12662.1,14.27,-,0,2110.35,0股,8.1%
2018-04-27,,Cash,,,,,34077787.51,,,,,,
2018-05-02,股票,西王食品(000639.XSHE),多仓,211035股,211035股,12.79,2699137.65,-312331.8,14.27,-,0,-299669.7,0股,7.3%
2018-05-02,,Cash,,,,,34077787.51,,,,,,
2018-05-03,股票,西王食品(000639.XSHE),多仓,211035股,211035股,12.83,2707579.05,-303890.4,14.27,-,0,8441.4,0股,7.4%
2018-05-03,,Cash,,,,,34077787.51,,,,,,
2018-05-04,股票,融钰集团(002622.XSHE),多仓,791200股,791200股,9.37,7413544,-7912,9.38,-,0,-7912,0股,20.2%
2018-05-04,,Cash,,,,,29356056.66,,,,,,
2018-05-07,股票,融钰集团(002622.XSHE),多仓,791200股,791200股,8.43,6669816,-751640,9.38,-,0,-743728,0股,18.5%
2018-05-07,,Cash,,,,,29356056.66,,,,,,
2018-05-08,股票,融钰集团(002622.XSHE),多仓,791200股,791200股,8.43,6669816,-751640,9.38,-,0,0,0股,18.5%
2018-05-08,,Cash,,,,,29356056.66,,,,,,
2018-05-09,股票,融钰集团(002622.XSHE),多仓,791200股,791200股,8.43,6669816,-751640,9.38,-,0,0,0股,18.5%
2018-05-09,,Cash,,,,,29356056.66,,,,,,
2018-05-10,股票,融钰集团(002622.XSHE),多仓,791200股,791200股,8.43,6669816,-751640,9.38,-,0,0,0股,18.5%
2018-05-10,,Cash,,,,,29356056.66,,,,,,
2018-05-11,股票,融钰集团(002622.XSHE),多仓,791200股,791200股,8.43,6669816,-751640,9.38,-,0,0,0股,18.5%
2018-05-11,,Cash,,,,,29356056.66,,,,,,
2018-05-14,股票,融钰集团(002622.XSHE),多仓,791200股,791200股,8.43,6669816,-751640,9.38,-,0,0,0股,18.5%
2018-05-14,,Cash,,,,,29356056.66,,,,,,
2018-05-15,股票,融钰集团(002622.XSHE),多仓,791200股,791200股,8.63,6828056,-593400,9.38,-,0,158240,0股,18.9%
2018-05-15,,Cash,,,,,29356056.66,,,,,,
2018-05-16,股票,融钰集团(002622.XSHE),多仓,791200股,791200股,8.27,6543224,-878232,9.38,-,0,-284832,0股,18.2%
2018-05-16,,Cash,,,,,29356056.66,,,,,,
2018-05-17,,Cash,,,,,35811757.32,,,,,,
2018-05-18,,Cash,,,,,35811757.32,,,,,,
2018-05-21,,Cash,,,,,35811757.32,,,,,,
2018-05-22,,Cash,,,,,35811757.32,,,,,,
2018-05-23,,Cash,,,,,35811757.32,,,,,,
2018-05-24,,Cash,,,,,35811757.32,,,,,,
2018-05-25,,Cash,,,,,35811757.32,,,,,,
2018-05-28,,Cash,,,,,35811757.32,,,,,,
2018-05-29,,Cash,,,,,35811757.32,,,,,,
2018-05-30,,Cash,,,,,35811757.32,,,,,,
2018-05-31,,Cash,,,,,35811757.32,,,,,,
2018-06-01,,Cash,,,,,35811757.32,,,,,,
2018-06-04,,Cash,,,,,35811757.32,,,,,,
2018-06-05,股票,永安林业(000663.XSHE),多仓,4263300股,4263300股,8.86,37772838,1918485,8.41,-,0,1918485,0股,100%
2018-06-05,,Cash,,,,,-53351.99,,,,,,
2018-06-06,股票,永安林业(000663.XSHE),多仓,4263300股,4263300股,8.78,37431774,1577421,8.41,-,0,-341064,0股,100%
2018-06-06,,Cash,,,,,-53351.99,,,,,,
2018-06-07,股票,永安林业(000663.XSHE),多仓,81300股,81300股,8.53,693489,9756,8.41,-,0,-20325,0股,1.9%
2018-06-07,,Cash,,,,,36616874.66,,,,,,
2018-06-08,股票,永安林业(000663.XSHE),多仓,81300股,81300股,8.58,697554,13821,8.41,-,0,4065,0股,1.9%
2018-06-08,,Cash,,,,,36616874.66,,,,,,
2018-06-11,股票,永安林业(000663.XSHE),多仓,81300股,81300股,8.44,686172,2439,8.41,-,0,-11382,0股,1.8%
2018-06-11,,Cash,,,,,36616874.66,,,,,,
2018-06-12,股票,永安林业(000663.XSHE),多仓,81300股,81300股,8.3,674790,-8943,8.41,-,0,-11382,0股,1.8%
2018-06-12,,Cash,,,,,36616874.66,,,,,,
2018-06-13,股票,永安林业(000663.XSHE),多仓,81300股,81300股,8.05,654465,-29268,8.41,-,0,-20325,0股,1.8%
2018-06-13,,Cash,,,,,36616874.66,,,,,,
2018-06-14,,Cash,,,,,37265617.2,,,,,,
2018-06-15,,Cash,,,,,37265617.2,,,,,,
2018-06-19,,Cash,,,,,37265617.2,,,,,,
2018-06-20,,Cash,,,,,37265617.2,,,,,,
2018-06-21,,Cash,,,,,37265617.2,,,,,,
2018-06-22,,Cash,,,,,37265617.2,,,,,,
2018-06-25,股票,西陇科学(002584.XSHE),多仓,202100股,202100股,9.1,1839110,-2021,9.11,-,0,-2021,0股,4.9%
2018-06-25,,Cash,,,,,35423933.86,,,,,,
2018-06-26,股票,西陇科学(002584.XSHE),多仓,202100股,202100股,8.19,1655199,-185932,9.11,-,0,-183911,0股,4.5%
2018-06-26,,Cash,,,,,35423933.86,,,,,,
2018-06-27,股票,西陇科学(002584.XSHE),多仓,202100股,202100股,7.37,1489477,-351654,9.11,-,0,-165722,0股,4%
2018-06-27,,Cash,,,,,35423933.86,,,,,,
2018-06-28,股票,西陇科学(002584.XSHE),多仓,202100股,202100股,7.3,1475330,-365801,9.11,-,0,-14147,0股,4%
2018-06-28,,Cash,,,,,35423933.86,,,,,,
2018-06-29,股票,西陇科学(002584.XSHE),多仓,202100股,202100股,7.44,1503624,-337507,9.11,-,0,28294,0股,4.1%
2018-06-29,,Cash,,,,,35423933.86,,,,,,
2018-07-02,股票,西陇科学(002584.XSHE),多仓,202100股,202100股,8.18,1653178,-187953,9.11,-,0,149554,0股,4.5%
2018-07-02,,Cash,,,,,35423933.86,,,,,,
2018-07-03,股票,西陇科学(002584.XSHE),多仓,202100股,202100股,8.77,1772417,-68714,9.11,-,0,119239,0股,4.8%
2018-07-03,,Cash,,,,,35423933.86,,,,,,
2018-07-04,股票,西陇科学(002584.XSHE),多仓,202100股,202100股,7.9,1596590,-244541,9.11,-,0,-175827,0股,4.3%
2018-07-04,,Cash,,,,,35423933.86,,,,,,
2018-07-05,,Cash,,,,,36982117.58,,,,,,
2018-07-06,,Cash,,,,,36982117.58,,,,,,
2018-07-09,,Cash,,,,,36982117.58,,,,,,
2018-07-10,,Cash,,,,,36982117.58,,,,,,
2018-07-11,股票,普邦股份(002663.XSHE),多仓,13850900股,13850900股,2.56,35458304,-1523599,2.67,-,0,-1523599,0股,100%
2018-07-11,,Cash,,,,,-10879.99,,,,,,
2018-07-12,,Cash,,,,,35539657.15,,,,,,
2018-07-13,,Cash,,,,,35539657.15,,,,,,
2018-07-16,,Cash,,,,,35539657.15,,,,,,
2018-07-17,股票,印纪传媒(002143.XSHE),多仓,1334700股,1334700股,5.79,7727913,-13347,5.8,-,0,-13347,0股,21.8%
2018-07-17,,Cash,,,,,27796074.77,,,,,,
2018-07-18,股票,印纪传媒(002143.XSHE),多仓,1334700股,1334700股,6.04,8061588,320328,5.8,-,0,333675,0股,22.5%
2018-07-18,,Cash,,,,,27796074.77,,,,,,
2018-07-19,,Cash,,,,,35340656.05,,,,,,
2018-07-20,,Cash,,,,,35340656.05,,,,,,
2018-07-23,,Cash,,,,,35340656.05,,,,,,
2018-07-24,,Cash,,,,,35340656.05,,,,,,
2018-07-25,股票,金通灵(300091.XSHE),多仓,3000000股,3000000股,11.98,35940000,570000,11.79,-,0,570000,0股,100%
2018-07-25,,Cash,,,,,-39954.95,,,,,,
2018-07-26,,Cash,,,,,35104298.05,,,,,,
2018-07-27,,Cash,,,,,35104298.05,,,,,,
2018-07-30,,Cash,,,,,35104298.05,,,,,,
