时间,基准收益,策略收益,当日盈利,当日亏损,当日买入,当日卖出
2015-01-05 16:00:00,3.05,0,0,0,0,0
2015-01-06 16:00:00,3.04,2.03,202993.6,0,10014672,0
2015-01-07 16:00:00,3.12,2.74,71307,0,0,0
2015-01-08 16:00:00,0.72,2.45,0,-29204.97,0,-10276131
2015-01-09 16:00:00,0.37,2.26,0,-18936.04,10260126,0
2015-01-12 16:00:00,-0.57,0.36,0,-190296,0,0
2015-01-13 16:00:00,-0.56,1.07,71361,0,0,0
2015-01-14 16:00:00,-0.89,2.02,95148,0,0,0
2015-01-15 16:00:00,1.99,1.81,0,-21205.32,0,-10212552
2015-01-16 16:00:00,2.87,2.89,108152.74,0,10190880,0
2015-01-19 16:00:00,-5.05,1.48,0,-141540,0,0
2015-01-20 16:00:00,-3.89,5.83,434730,0,0,0
2015-01-21 16:00:00,0.43,6.84,101100,0,0,0
2015-01-22 16:00:00,0.96,6.8,0,-3808.44,0,-10706490
2015-01-23 16:00:00,1.08,8.18,138494.38,0,10692060,0
2015-01-26 16:00:00,2.1,8.31,12882,0,0,0
2015-01-27 16:00:00,1.17,5.86,0,-244758,0,0
2015-01-28 16:00:00,-0.24,5.48,0,-38646,0,0
2015-01-29 16:00:00,-1.47,5.21,0,-26597.47,0,-10550358
2015-01-30 16:00:00,-2.81,5.21,0,0,0,0
2015-02-02 16:00:00,-5.09,5.21,0,0,0,0
2015-02-03 16:00:00,-2.72,3.66,0,-155272.13,10533756,0
2015-02-04 16:00:00,-3.73,7.84,418308,0,0,0
2015-02-05 16:00:00,-4.72,10.49,264469.53,0,0,-11078824
2015-02-06 16:00:00,-6.26,5.26,0,-523090.7,11059000,0
2015-02-09 16:00:00,-5.31,6.14,88472,0,0,0
2015-02-10 16:00:00,-3.59,12.11,597186,0,0,0
2015-02-11 16:00:00,-2.82,11.67,0,-44236,0,0
2015-02-12 16:00:00,-2.57,11.75,7554.4,0,0,-11202767
2015-02-13 16:00:00,-1.81,11.75,0,0,0,0
2015-02-16 16:00:00,-0.97,12.12,37275.6,0,11194667,0
2015-02-17 16:00:00,-0.32,11.74,0,-37748.04,11338932,-11357203
2015-02-25 16:00:00,-1.56,10.93,0,-80848,0,0
2015-02-26 16:00:00,0.92,13.96,303180,0,0,0
2015-02-27 16:00:00,1.11,13.78,0,-18337.78,11381128,-11399568
2015-03-02 16:00:00,1.91,15.99,221188,0,0,0
2015-03-03 16:00:00,-0.73,12.57,0,-341836,0,0
2015-03-04 16:00:00,-0.08,13.38,80432,0,0,0
2015-03-05 16:00:00,-1.06,13.03,0,-34851.19,0,-11340912
2015-03-06 16:00:00,-1.56,9.75,0,-327543.85,11312835,0
2015-03-09 16:00:00,0.11,11.38,162075,0,0,0
2015-03-10 16:00:00,-0.37,22.5,1112915,0,0,0
2015-03-11 16:00:00,-0.26,34.82,1231770,0,0,0
2015-03-12 16:00:00,1.67,46.41,1158669.85,0,0,-14673190
2015-03-13 16:00:00,2.38,46.24,0,-17307.79,14659305,0
2015-03-16 16:00:00,4.87,49.46,322750,0,0,0
2015-03-17 16:00:00,6.32,51.98,251745,0,0,0
2015-03-18 16:00:00,8.84,54.3,232380,0,0,0
2015-03-19 16:00:00,8.66,53.97,0,-32982.47,0,-15440360
2015-03-20 16:00:00,10.16,55.03,105807.5,0,15415008,0
2015-03-23 16:00:00,12.4,64.26,922432,0,0,0
2015-03-24 16:00:00,12.43,61.01,0,-324800,0,0
2015-03-25 16:00:00,11.51,58.67,0,-233856,0,0
2015-03-26 16:00:00,11.78,58.85,18269.35,0,0,-15928192
2015-03-27 16:00:00,12.39,57.59,0,-126466.08,15903615,0
2015-03-30 16:00:00,15.69,59.13,153720,0,0,0
2015-03-31 16:00:00,14.64,57.27,0,-185745,0,0
2015-04-01 16:00:00,16.7,56.76,0,-51240,0,0
2015-04-02 16:00:00,16.73,56.49,0,-26804.93,0,-15692250
2015-04-03 16:00:00,18.02,54.99,0,-149314.99,15666625,0
2015-04-07 16:00:00,20.55,62.13,713434,0,0,0
2015-04-08 16:00:00,21.57,65.99,385640,0,0,0
2015-04-09 16:00:00,20.61,59.43,0,-655588,0,0
2015-04-10 16:00:00,22.94,61.55,212416.67,0,15845072,-15869086
2015-04-13 16:00:00,25.11,64.12,256814,0,0,0
2015-04-14 16:00:00,25.6,63.56,0,-56288,0,0
2015-04-15 16:00:00,23.96,56.1,0,-745816,0,0
2015-04-16 16:00:00,27.73,53.12,0,-297884.89,0,-15356070
2015-04-17 16:00:00,30.07,57.71,458368.68,0,15324386,0
2015-04-20 16:00:00,27.97,53.22,0,-448168,0,0
2015-04-21 16:00:00,30.72,61.76,854056,0,0,0
2015-04-22 16:00:00,34.13,74.77,1300110,0,0,0
2015-04-23 16:00:00,34.16,76.1,133491.28,0,0,-17649786
2015-04-24 16:00:00,33.08,70.54,0,-556361.87,17622885,0
2015-04-27 16:00:00,36.05,67.08,0,-345450,0,0
2015-04-28 16:00:00,34.19,62.02,0,-506660,0,0
2015-04-29 16:00:00,35.11,78.24,1621970,0,0,0
2015-04-30 16:00:00,34.42,81.09,285250.28,0,18053860,-18071970
2015-05-04 16:00:00,35.49,80.61,0,-47920,0,0
2015-05-05 16:00:00,30.09,81.33,71880,0,0,0
2015-05-06 16:00:00,28.85,86.6,527120,0,0,0
2015-05-07 16:00:00,26.5,83.72,0,-287512.81,0,-18425240
2015-05-08 16:00:00,29,83.72,0,0,0,0
2015-05-11 16:00:00,32.74,83.72,0,0,0,0
2015-05-12 16:00:00,34.35,83.67,0,-5517.66,18392192,0
2015-05-13 16:00:00,33.53,82.03,0,-164216,0,0
2015-05-14 16:00:00,33.03,80.56,0,-146698.26,0,-18104814
2015-05-15 16:00:00,30.67,76.91,0,-365106.24,18074121,0
2015-05-18 16:00:00,29.47,81.13,421937,0,0,0
2015-05-19 16:00:00,33.89,81.82,69170,0,0,0
2015-05-20 16:00:00,34.56,92.06,1023716,0,0,0
2015-05-21 16:00:00,36.99,92.01,0,-4274.01,0,-19250011
2015-05-22 16:00:00,40.12,96.25,423582.11,0,19226293,0
2015-05-25 16:00:00,44.31,99.6,334893,0,0,0
2015-05-26 16:00:00,47.12,104.58,498046,0,0,0
2015-05-27 16:00:00,46.63,100.89,0,-369241,0,0
2015-05-28 16:00:00,36.8,100.28,0,-60458.49,0,-20084993
2015-05-29 16:00:00,36.99,100.28,0,0,0,0
2015-06-01 16:00:00,43.65,115.46,1517505.27,0,20049100,0
2015-06-02 16:00:00,46.08,126.57,1110900,0,0,0
2015-06-03 16:00:00,45.56,137.36,1079160,0,0,0
2015-06-04 16:00:00,46.63,136.73,0,-62590.22,0,-23730940
2015-06-05 16:00:00,48.02,150.65,1391385.11,0,23702976,0
2015-06-08 16:00:00,51.51,146.15,0,-449152,0,0
2015-06-09 16:00:00,50.48,150.65,449152,0,0,0
2015-06-10 16:00:00,50.24,161.06,1041216,0,0,0
2015-06-11 16:00:00,50.17,157.25,0,-380606.3,0,-25795616
2015-06-12 16:00:00,50.98,146.93,0,-1032501.14,25750476,0
2015-06-15 16:00:00,47.75,126.04,0,-2088279,0,0
2015-06-16 16:00:00,43.33,130.07,402165,0,0,0
2015-06-17 16:00:00,45.42,146.64,1656919.8,0,0,0
2015-06-18 16:00:00,39.53,146.58,0,-5282.84,0,-24687568.8
2015-06-19 16:00:00,31.22,146.58,0,0,0,0
2015-06-23 16:00:00,35.44,146.58,0,0,0,0
2015-06-24 16:00:00,38.1,146.58,0,0,0,0
2015-06-25 16:00:00,33.19,146.58,0,0,0,0
2015-06-26 16:00:00,22.71,146.58,0,0,0,0
2015-06-29 16:00:00,18.62,146.58,0,0,0,0
2015-06-30 16:00:00,26.58,146.58,0,0,0,0
2015-07-01 16:00:00,20.36,146.58,0,0,0,0
2015-07-02 16:00:00,16.25,146.58,0,0,0,0
2015-07-03 16:00:00,9.97,146.58,0,0,0,0
2015-07-06 16:00:00,13.15,146.58,0,0,0,0
2015-07-07 16:00:00,11.16,146.58,0,0,0,0
2015-07-08 16:00:00,3.66,146.58,0,0,0,0
2015-07-09 16:00:00,10.3,146.58,0,0,0,0
2015-07-10 16:00:00,16.21,146.58,0,0,0,0
2015-07-13 16:00:00,19.19,146.58,0,0,0,0
2015-07-14 16:00:00,16.37,146.58,0,0,0,0
2015-07-15 16:00:00,12.25,146.58,0,0,0,0
2015-07-16 16:00:00,13.12,146.58,0,0,0,0
2015-07-17 16:00:00,17.48,146.58,0,0,0,0
2015-07-20 16:00:00,17.74,172.61,2602505.22,0,24689264,0
2015-07-21 16:00:00,17.89,179.66,704928,0,0,0
2015-07-22 16:00:00,17.64,172.61,0,-704928,0,0
2015-07-23 16:00:00,20.29,168.4,0,-421019.09,0,-26913144
2015-07-24 16:00:00,18.18,168.4,0,0,0,0
2015-07-27 16:00:00,8.07,168.4,0,0,0,0
2015-07-28 16:00:00,7.85,168.4,0,0,0,0
2015-07-29 16:00:00,11.23,168.4,0,0,0,0
2015-07-30 16:00:00,7.97,168.4,0,0,0,0
2015-07-31 16:00:00,8.01,169.25,85454.92,0,26870264,0
2015-08-03 16:00:00,8.36,158.03,0,-1122192,0,0
2015-08-04 16:00:00,11.73,182.03,2400244,0,0,0
2015-08-05 16:00:00,9.43,178.29,0,-374064,0,0
2015-08-06 16:00:00,8.44,169.52,0,-876777.96,0,-27026124
2015-08-07 16:00:00,10.56,188.59,1906852.03,0,26986582,0
2015-08-10 16:00:00,15.58,207.39,1879486,0,0,0
2015-08-11 16:00:00,15.08,199.41,0,-797895,0,0
2015-08-12 16:00:00,13.65,201.36,195041,0,0,0
2015-08-13 16:00:00,15.33,195.83,0,-552762.15,0,-29663963
2015-08-14 16:00:00,15.28,193.97,0,-185723.47,29608236,0
2015-08-17 16:00:00,15.4,201.81,783153,0,0,0
2015-08-18 16:00:00,8.25,171.99,0,-2981034,0,0
2015-08-19 16:00:00,9.97,170.48,0,-151578,0,0
2015-08-20 16:00:00,6.45,161.8,0,-867801.73,0,-26248257
2015-08-21 16:00:00,1.58,161.8,0,0,0,0
2015-08-24 16:00:00,-7.31,161.8,0,0,0,0
2015-08-25 16:00:00,-13.89,161.8,0,0,0,0
2015-08-26 16:00:00,-14.38,161.8,0,0,0,0
2015-08-27 16:00:00,-9.28,161.8,0,0,0,0
2015-08-28 16:00:00,-5.42,161.8,0,0,0,0
2015-08-31 16:00:00,-4.73,161.8,0,0,0,0
2015-09-01 16:00:00,-4.86,142.89,0,-1891438.13,26210425,0
2015-09-02 16:00:00,-4.75,134.77,0,-812155.16,22921861,-22960460
2015-09-07 16:00:00,-8.01,145.11,1034180,0,0,0
2015-09-08 16:00:00,-5.65,169.63,2452484,0,0,0
2015-09-09 16:00:00,-3.8,193.57,2393388,0,0,0
2015-09-10 16:00:00,-4.98,185.22,0,-834969.6,0,-28595077
2015-09-11 16:00:00,-5.28,190.46,523931.01,0,28563300,0
2015-09-14 16:00:00,-7.15,161.27,0,-2918100,0,0
2015-09-15 16:00:00,-10.8,135.08,0,-2619900,0,0
2015-09-16 16:00:00,-6.35,158.72,2364300,0,0,0
2015-09-17 16:00:00,-8.4,155.83,0,-288966.45,0,-25666500
2015-09-18 16:00:00,-7.99,155.83,0,0,0,0
2015-09-21 16:00:00,-6.38,175.96,2012979.36,0,25608798,0
2015-09-22 16:00:00,-5.51,179.81,384888,0,0,0
2015-09-23 16:00:00,-7.66,174.72,0,-508602,0,0
2015-09-24 16:00:00,-7.04,174.64,0,-8301.21,0,-27533238
2015-09-25 16:00:00,-8.54,174.64,0,0,0,0
2015-09-28 16:00:00,-8.23,174.64,0,0,0,0
2015-09-29 16:00:00,-10.04,174.64,0,0,0,0
2015-09-30 16:00:00,-9.36,198.46,2381772.9,0,27507015,0
2015-10-08 16:00:00,-6.71,216.27,1781655,0,0,0
2015-10-09 16:00:00,-5.48,218.52,224309.01,0,31188652,-31244145
2015-10-12 16:00:00,-2.43,235.68,1716122,0,0,0
2015-10-13 16:00:00,-2.51,246.5,1081903,0,0,0
2015-10-14 16:00:00,-3.61,234.18,0,-1231131,0,0
2015-10-15 16:00:00,-1.33,233.38,0,-80762.19,0,-33427072
2015-10-16 16:00:00,0.01,240.18,680128,0,33366672,0
2015-10-19 16:00:00,0.01,232.38,0,-780156,0,0
2015-10-20 16:00:00,1.25,256.68,2430486,0,0,0
2015-10-21 16:00:00,-1.71,220.97,0,-3570714,0,0
2015-10-22 16:00:00,-0.26,213.96,0,-701051.18,0,-31476294
2015-10-23 16:00:00,1.06,218.38,441900.89,0,31423712,0
2015-10-26 16:00:00,1.57,214.43,0,-394912,0,0
2015-10-27 16:00:00,1.67,211.33,0,-310288,0,0
2015-10-28 16:00:00,-0.25,200.05,0,-1128320,0,0
2015-10-29 16:00:00,-0.01,200.22,17288.68,0,0,-30097936
2015-10-30 16:00:00,0.01,205.69,547159,0,30056678,0
2015-11-02 16:00:00,-1.63,194.34,0,-1135526,0,0
2015-11-03 16:00:00,-1.93,188.54,0,-579350,0,0
2015-11-04 16:00:00,2.68,217.4,2885163,0,0,0
2015-11-05 16:00:00,4.87,224.27,687713.94,0,0,-32513122
2015-11-06 16:00:00,7.35,242.52,1824486.24,0,32459214,0
2015-11-09 16:00:00,8.68,255.78,1326537,0,0,0
2015-11-10 16:00:00,8.48,252.02,0,-376671,0,0
2015-11-11 16:00:00,8.49,273.63,2161764,0,0,0
2015-11-12 16:00:00,7.4,270.04,0,-359385.08,0,-37093905
2015-11-13 16:00:00,6.01,270.04,0,0,0,0
2015-11-16 16:00:00,6.52,270.04,0,0,0,0
2015-11-17 16:00:00,6.36,270.04,0,0,0,0
2015-11-18 16:00:00,5.15,260.03,0,-1001358.77,37055898,0
2015-11-19 16:00:00,6.83,257.74,0,-229061.22,0,-35883243
2015-11-20 16:00:00,6.81,249.38,0,-835254.85,35826159,0
2015-11-23 16:00:00,6.22,249.65,26597,0,0,0
2015-11-24 16:00:00,6.23,252.04,239373,0,0,0
2015-11-25 16:00:00,7.02,259.49,744716,0,0,0
2015-11-26 16:00:00,6.39,262.74,325057.9,0,0,-36384696
2015-11-27 16:00:00,0.66,262.74,0,0,0,0
2015-11-30 16:00:00,0.93,262.74,0,0,0,0
2015-12-01 16:00:00,1.64,262.74,0,0,0,0
2015-12-02 16:00:00,5.33,262.74,0,0,0,0
2015-12-03 16:00:00,6.1,262.74,0,0,0,0
2015-12-04 16:00:00,4.07,282.87,2012946.29,0,36312360,0
2015-12-07 16:00:00,4.36,287.93,505960,0,0,0
2015-12-08 16:00:00,2.53,273.14,0,-1478960,0,0
2015-12-09 16:00:00,2.89,266.13,0,-700560,0,0
2015-12-10 16:00:00,2.53,264.88,0,-125400.24,0,-36584800
2015-12-11 16:00:00,2.1,264.88,0,0,0,0
2015-12-14 16:00:00,5.03,258.06,0,-682345.67,36535551,0
2015-12-15 16:00:00,4.55,273.8,1574703,0,0,0
2015-12-16 16:00:00,4.29,273.44,0,-36621,0,0
2015-12-17 16:00:00,6.29,276.73,329302.14,0,0,-37780665
2015-12-18 16:00:00,6.63,279.87,313625.13,0,37716250,0
2015-12-21 16:00:00,9.4,271.98,0,-789140,0,0
2015-12-22 16:00:00,9.71,270.35,0,-162470,0,0
2015-12-23 16:00:00,9.41,272.79,243705,0,0,0
2015-12-24 16:00:00,8.37,268.25,0,-454180.24,0,-36927110
2015-12-25 16:00:00,8.62,268.25,0,0,0,0
2015-12-28 16:00:00,5.49,268.25,0,0,0,0
2015-12-29 16:00:00,6.46,271.93,368192.02,0,36873276,0
2015-12-30 16:00:00,6.55,278.04,611700,0,0,0
2015-12-31 16:00:00,5.58,277.8,0,-24787.31,0,-37888698
2016-01-04 16:00:00,-1.83,277.8,0,0,0,0
2016-01-05 16:00:00,-1.55,277.8,0,0,0,0
2016-01-06 16:00:00,0.17,277.8,0,0,0,0
2016-01-07 16:00:00,-6.77,277.8,0,0,0,0
2016-01-08 16:00:00,-4.87,277.8,0,0,0,0
2016-01-11 16:00:00,-9.66,270.22,0,-757684.37,37814560,0
2016-01-12 16:00:00,-9,307.18,3696160,0,0,0
2016-01-13 16:00:00,-10.69,289.77,0,-1741460,0,0
2016-01-14 16:00:00,-8.83,270.09,0,-1967394.89,0,-37103760
2016-01-15 16:00:00,-11.74,300.12,3002894.32,0,37045592,0
2016-01-18 16:00:00,-11.4,298.6,0,-152608,0,0
2016-01-19 16:00:00,-8.79,303.56,495976,0,0,0
2016-01-20 16:00:00,-10.17,325.87,2231892,0,0,0
2016-01-21 16:00:00,-12.8,322.65,0,-322142.13,0,-42367796
2016-01-22 16:00:00,-11.89,323.51,85595.85,0,42313845,0
2016-01-25 16:00:00,-11.46,320.27,0,-324357,0,0
2016-01-26 16:00:00,-16.79,302.38,0,-1788878,0,0
2016-01-27 16:00:00,-17.07,295.5,0,-688030,0,0
2016-01-28 16:00:00,-19.24,286.64,0,-885873.03,0,-38775405
2016-01-29 16:00:00,-16.63,286.64,0,0,0,0
2016-02-01 16:00:00,-17.9,286.64,0,0,0,0
2016-02-02 16:00:00,-16.2,286.64,0,0,0,0
2016-02-03 16:00:00,-16.56,286.64,0,0,0,0
2016-02-04 16:00:00,-15.53,286.64,0,0,0,0
2016-02-05 16:00:00,-16.13,286.08,0,-55299,38706682,0
2016-02-15 16:00:00,-16.61,288.71,262122,0,0,0
2016-02-16 16:00:00,-14.06,327.59,3888143,0,0,0
2016-02-17 16:00:00,-13.31,351.18,2359098,0,0,0
2016-02-18 16:00:00,-13.58,354.52,333947.8,0,0,-45565541
2016-02-19 16:00:00,-13.64,359.97,545595.41,0,30362758.4,0
2016-02-22 16:00:00,-11.74,373.11,1313773.2,0,0,0
2016-02-23 16:00:00,-12.57,369.9,0,-321144.56,0,0
2016-02-24 16:00:00,-12,370.48,58389.92,0,0,0
2016-02-25 16:00:00,-17.4,368.32,0,-216501.06,0,-31793311.44
2016-02-26 16:00:00,-16.57,368.32,0,0,0,0
2016-02-29 16:00:00,-18.57,323.53,0,-4478964.44,46881450,0
2016-03-01 16:00:00,-17.06,333.45,992200,0,0,0
2016-03-02 16:00:00,-13.65,357.76,2430890,0,0,0
2016-03-03 16:00:00,-13.45,356.67,0,-109137.04,0,-45790030
2016-03-04 16:00:00,-12.45,357.03,36412.98,0,45716736,0
2016-03-07 16:00:00,-12.14,365.05,802048,0,0,0
2016-03-08 16:00:00,-12.06,372.57,751920,0,0,0
2016-03-09 16:00:00,-13.07,354.03,0,-1854736,0,0
2016-03-10 16:00:00,-14.73,354.94,91082.58,0,0,-45616480
2016-03-11 16:00:00,-14.59,348.51,0,-642645.83,45134961.84,0
2016-03-14 16:00:00,-13.24,373.41,2489650.92,0,0,0
2016-03-15 16:00:00,-12.99,370.06,0,-334630.5,0,0
2016-03-16 16:00:00,-12.56,369.26,0,-80311.32,0,0
2016-03-17 16:00:00,-11.59,370.79,153330.37,0,0,-46794729.12
2016-03-18 16:00:00,-10.24,384.47,1367736.05,0,47133176,0
2016-03-21 16:00:00,-8.04,392.31,784308,0,0,0
2016-03-22 16:00:00,-8.71,389.51,0,-280110,0,0
2016-03-23 16:00:00,-8.42,391.94,242762,0,0,0
2016-03-24 16:00:00,-9.96,384.21,0,-772730.12,0,-48552400
2016-03-25 16:00:00,-9.51,384.21,0,0,0,0
2016-03-28 16:00:00,-10.3,384.21,0,0,0,0
2016-03-29 16:00:00,-11.27,366.11,0,-1810470.98,48489948,0
2016-03-30 16:00:00,-8.98,384.76,1864998,0,0,0
2016-03-31 16:00:00,-8.93,382.74,0,-201095.14,0,-48420874
2016-04-01 16:00:00,-8.82,382.35,0,-39562.54,26535146,0
2016-04-05 16:00:00,-7.62,355.8,0,-2654568,0,0
2016-04-06 16:00:00,-7.82,332,0,-2380684,0,0
2016-04-07 16:00:00,-9.18,353.49,2148936,0,0,0
2016-04-08 16:00:00,-9.85,335.51,0,-1797352.86,44341668,-22584896
2016-04-11 16:00:00,-8.59,343.85,833490,0,0,0
2016-04-12 16:00:00,-8.92,347.18,333396,0,0,0
2016-04-13 16:00:00,-7.71,356.07,889056,0,0,0
2016-04-14 16:00:00,-7.3,355.48,0,-59377.83,0,-45675252
2016-04-15 16:00:00,-7.4,352.42,0,-305651.71,45605714,0
2016-04-18 16:00:00,-8.64,346,0,-642334,0,0
2016-04-19 16:00:00,-8.36,356.51,1051092,0,0,0
2016-04-20 16:00:00,-9.98,353.59,0,-291970,0,0
2016-04-21 16:00:00,-10.56,347.75,0,-583922.48,0,-44904986
2016-04-22 16:00:00,-10.15,347.75,0,0,0,0
2016-04-25 16:00:00,-10.52,347.75,0,0,0,0
2016-04-26 16:00:00,-10.03,347.75,0,0,0,0
2016-04-27 16:00:00,-10.41,366.48,1873471.65,0,44827828,0
2016-04-28 16:00:00,-10.56,361.03,0,-545306.4,0,-46229540
2016-04-29 16:00:00,-10.67,361.99,96052.6,0,46158000,0
2016-05-03 16:00:00,-9.06,369.96,796775,0,0,0
2016-05-04 16:00:00,-9.18,383.42,1346275,0,0,0
2016-05-05 16:00:00,-9.05,379.58,0,-384650,0,0
2016-05-06 16:00:00,-11.41,377.03,0,-254509.17,0,-47833975
2016-05-09 16:00:00,-13.25,377.03,0,0,0,0
2016-05-10 16:00:00,-13.15,377.03,0,0,0,0
2016-05-11 16:00:00,-12.76,369.5,0,-753480.02,46860854.04,0
2016-05-12 16:00:00,-12.55,366.13,0,-336880.55,0,-45844149.12
2016-05-13 16:00:00,-12.98,366.13,0,0,0,0
2016-05-16 16:00:00,-12.41,366.13,0,0,0,0
2016-05-17 16:00:00,-12.67,366.13,0,0,0,0
2016-05-18 16:00:00,-13.18,381.37,1523967.15,0,46659492,0
2016-05-19 16:00:00,-13.33,343.4,0,-3796234.72,0,-44459019
2016-05-20 16:00:00,-12.89,343.4,0,0,0,0
2016-05-23 16:00:00,-12.63,362.11,1870848.11,0,44389650,0
2016-05-24 16:00:00,-13.3,374.14,1202885,0,0,0
2016-05-25 16:00:00,-13.43,355.73,0,-1841585,0,0
2016-05-26 16:00:00,-13.29,347.48,0,-824769.28,0,-44868675
2016-05-27 16:00:00,-13.33,321.02,0,-2646143.13,44797104,0
2016-05-30 16:00:00,-13.22,313,0,-802152,0,0
2016-05-31 16:00:00,-10.3,333.15,2015664,0,0,0
2016-06-01 16:00:00,-10.56,345.18,1203228,0,0,0
2016-06-02 16:00:00,-10.37,339.26,0,-592028.28,0,-44046372
2016-06-03 16:00:00,-9.75,360.57,2130346.69,0,43977710,0
2016-06-06 16:00:00,-10.04,371.46,1089340,0,0,0
2016-06-07 16:00:00,-10.09,360.22,0,-1124480,0,0
2016-06-08 16:00:00,-10.46,355.05,0,-516138.08,0,-45629290
2016-06-13 16:00:00,-13.23,322.19,0,-3286820.41,45558032,0
2016-06-14 16:00:00,-12.95,322.98,79833,0,0,0
2016-06-15 16:00:00,-11.81,337.62,1463605,0,0,0
2016-06-16 16:00:00,-12.42,343.96,634009.74,0,0,-44520203
2016-06-17 16:00:00,-11.98,343.96,0,0,0,0
2016-06-20 16:00:00,-11.91,343.96,0,0,0,0
2016-06-21 16:00:00,-12.09,317.48,0,-2647677.52,44438394,0
2016-06-22 16:00:00,-11.31,359.37,4189042,0,0,0
2016-06-23 16:00:00,-11.78,372.15,1277234.59,0,0,-47331856
2016-06-24 16:00:00,-12.92,372.15,0,0,0,0
2016-06-27 16:00:00,-11.69,406.17,3402717.16,0,47269452,0
2016-06-28 16:00:00,-11.24,427.16,2098344,0,0,0
2016-06-29 16:00:00,-10.82,422.48,0,-467874,0,0
2016-06-30 16:00:00,-10.75,423.36,87743.39,0,0,-52472778
2016-07-01 16:00:00,-10.74,417.35,0,-600657.02,52403384,0
2016-07-04 16:00:00,-9.31,442.81,2546192,0,0,0
2016-07-05 16:00:00,-9.23,437.99,0,-481712,0,0
2016-07-06 16:00:00,-8.97,422.17,0,-1582768,0,0
2016-07-07 16:00:00,-9.16,415.99,0,-617802.52,0,-51749632
2016-07-08 16:00:00,-9.66,502.67,8667922.19,0,51676027,0
2016-07-11 16:00:00,-9.35,463.69,0,-3897893,0,0
2016-07-12 16:00:00,-7.37,444.78,0,-1891057,0,0
2016-07-13 16:00:00,-7.1,440.53,0,-424523,0,0
2016-07-14 16:00:00,-7.27,440.53,0,0,0,0
2016-07-15 16:00:00,-7.28,494.56,5403020,0,0,0
2016-07-18 16:00:00,-7.69,553.22,5866136,0,0,0
2016-07-19 16:00:00,-8.08,573.29,2006836,0,0,0
2016-07-20 16:00:00,-8.38,551.3,0,-2199801,0,0
2016-07-21 16:00:00,-7.96,539.27,0,-1202530.86,0,-64102973
2016-07-22 16:00:00,-8.73,539.27,0,0,0,0
2016-07-25 16:00:00,-8.57,539.27,0,0,0,0
2016-07-26 16:00:00,-7.47,539.27,0,0,0,0
2016-07-27 16:00:00,-8.93,539.27,0,0,0,0
2016-07-28 16:00:00,-8.85,539.27,0,0,0,0
2016-07-29 16:00:00,-9.33,488.92,0,-5035044.6,64028682,0
2016-08-01 16:00:00,-10.1,443.37,0,-4555198,0,0
2016-08-02 16:00:00,-9.75,497.62,5425292,0,0,0
2016-08-03 16:00:00,-9.63,557.5,5988294,0,0,0
2016-08-04 16:00:00,-9.41,593.45,3594680.76,0,0,-69556338
2016-08-05 16:00:00,-9.3,593.45,0,0,0,0
2016-08-08 16:00:00,-8.48,593.45,0,0,0,0
2016-08-09 16:00:00,-7.83,605.37,1191581.19,0,69432708,0
2016-08-10 16:00:00,-8.22,601.23,0,-413994,0,0
2016-08-11 16:00:00,-8.5,597.06,0,-416158.6,0,-69905844
2016-08-12 16:00:00,-6.78,602.83,576380.26,0,69765808,0
2016-08-15 16:00:00,-3.97,650.02,4718749,0,0,0
2016-08-16 16:00:00,-4.4,640.46,0,-955696,0,0
2016-08-17 16:00:00,-4.55,644.04,358386,0,0,0
2016-08-18 16:00:00,-4.79,640.69,0,-335443.32,0,-74245633
2016-08-19 16:00:00,-4.77,683.72,4302867.26,0,74175808,0
2016-08-22 16:00:00,-5.57,656.68,0,-2703200,0,0
2016-08-23 16:00:00,-5.43,676.69,2000368,0,0,0
2016-08-24 16:00:00,-5.77,670.2,0,-648768,0,0
2016-08-25 16:00:00,-6.36,655.92,0,-1427715.73,0,-65244747.22
2016-08-26 16:00:00,-6.41,654.41,0,-151205.2,0,0
2016-08-29 16:00:00,-6.39,653.73,0,-68042.34,0,0
2016-08-30 16:00:00,-6.27,653.58,0,-15120.52,0,0
2016-08-31 16:00:00,-5.83,652.37,0,-120964.16,0,0
2016-09-01 16:00:00,-6.57,651.71,0,-66121.28,0,-10153429.18
2016-09-02 16:00:00,-6.21,651.71,0,0,0,0
2016-09-05 16:00:00,-6.06,646.83,0,-488187.89,75272970,0
2016-09-06 16:00:00,-5.41,671.92,2509099,0,0,0
2016-09-07 16:00:00,-5.46,650.19,0,-2172828,0,0
2016-09-08 16:00:00,-5.49,649.99,0,-20186.61,0,-75221236
2016-09-09 16:00:00,-6.1,645.54,0,-444417.82,62855389.24,0
2016-09-12 16:00:00,-7.67,614.9,0,-3064040.64,0,0
2016-09-13 16:00:00,-7.74,614.48,0,-42556.12,0,0
2016-09-14 16:00:00,-8.35,610.48,0,-399909.45,0,-48055818.97
2016-09-19 16:00:00,-7.66,612.54,205629.06,0,0,0
2016-09-20 16:00:00,-7.82,611.82,0,-71179.29,0,0
2016-09-21 16:00:00,-7.56,611.9,7908.81,0,0,0
2016-09-22 16:00:00,-6.86,612.07,17200.08,0,0,-11103969.24
2016-09-23 16:00:00,-7.3,598.76,0,-1331778.23,71294100,0
2016-09-26 16:00:00,-8.87,554.34,0,-4442000,0,0
2016-09-27 16:00:00,-8.29,568.33,1399230,0,0,0
2016-09-28 16:00:00,-8.57,571.66,333150,0,0,0
2016-09-29 16:00:00,-8.19,569.45,0,-220723.9,0,-56020386.24
2016-09-30 16:00:00,-7.94,568.72,0,-73694.8,0,0
2016-10-10 16:00:00,-6.79,575.02,630090.54,0,0,0
2016-10-11 16:00:00,-6.43,574.02,0,-99487.98,0,0
2016-10-12 16:00:00,-6.61,573.82,0,-20266.07,0,0
2016-10-13 16:00:00,-6.54,573.63,0,-18685.13,0,-11538763.31
2016-10-14 16:00:00,-6.45,570.69,0,-294443.12,51607748,0
2016-10-17 16:00:00,-7.24,565.11,0,-557921.6,0,0
2016-10-18 16:00:00,-6.01,567.9,278960.8,0,0,0
2016-10-19 16:00:00,-6.15,566.5,0,-139480.4,0,0
2016-10-20 16:00:00,-6.09,567.93,142765.16,0,0,-51119566.6
2016-10-21 16:00:00,-5.83,561.45,0,-647649.79,66882630,0
2016-10-24 16:00:00,-4.7,564.14,268965,0,0,0
2016-10-25 16:00:00,-4.7,567.73,358620,0,0,0
2016-10-26 16:00:00,-5.06,561.45,0,-627585,0,0
2016-10-27 16:00:00,-5.32,559.7,0,-175670.01,0,-66165390
2016-10-28 16:00:00,-5.48,559.7,0,0,0,0
2016-10-31 16:00:00,-5.59,559.7,0,0,0,0
2016-11-01 16:00:00,-4.94,566.2,649748.07,0,66039760,0
2016-11-02 16:00:00,-5.67,566.2,0,0,0,0
2016-11-03 16:00:00,-4.77,567.44,124443.01,0,0,-66920760
2016-11-04 16:00:00,-5.08,561.89,0,-555126.53,66828426,0
2016-11-07 16:00:00,-5.01,559.92,0,-197134,0,0
2016-11-08 16:00:00,-4.6,558.79,0,-112648,0,0
2016-11-09 16:00:00,-5.11,544.99,0,-1379938,0,0
2016-11-10 16:00:00,-4.05,550.9,591024.63,0,0,-65279516
2016-11-11 16:00:00,-3.3,537.63,0,-1327274.47,65168246,0
2016-11-14 16:00:00,-2.93,545.55,792560,0,0,0
2016-11-15 16:00:00,-2.94,537.83,0,-772746,0,0
2016-11-16 16:00:00,-2.95,534.86,0,-297210,0,0
2016-11-17 16:00:00,-2.75,531.47,0,-338122.62,0,-61519676.16
2016-11-18 16:00:00,-3.29,531.38,0,-9040.64,0,0
2016-11-21 16:00:00,-2.62,531.61,22601.6,0,0,0
2016-11-22 16:00:00,-1.85,531.95,34467.44,0,0,0
2016-11-23 16:00:00,-1.67,531.71,0,-24296.72,0,0
2016-11-24 16:00:00,-1.27,531.68,0,-2942.05,0,-1828469.44
2016-11-25 16:00:00,-0.35,531.68,0,0,0,0
2016-11-28 16:00:00,0.04,531.68,0,0,0,0
2016-11-29 16:00:00,0.86,531.68,0,0,0,0
2016-11-30 16:00:00,0.12,531.68,0,0,0,0
2016-12-01 16:00:00,0.89,531.68,0,0,0,0
2016-12-02 16:00:00,-0.13,531.68,0,0,0,0
2016-12-05 16:00:00,-1.82,529.69,0,-199209.93,57831619.92,0
2016-12-06 16:00:00,-2.11,544.24,1454883.52,0,0,0
2016-12-07 16:00:00,-1.64,546.06,181860.44,0,0,0
2016-12-08 16:00:00,-1.8,545.67,0,-38999.39,0,-41882534.19
2016-12-09 16:00:00,-1.13,546.47,79783.59,0,0,0
2016-12-12 16:00:00,-3.52,541.68,0,-478701.54,0,0
2016-12-13 16:00:00,-3.64,541.15,0,-53189.06,0,0
2016-12-14 16:00:00,-4.38,543.27,212756.24,0,0,0
2016-12-15 16:00:00,-5.47,541.46,0,-181693.83,0,-17020499.2
2016-12-16 16:00:00,-5.31,552.64,1118713.84,0,49433853.84,0
2016-12-19 16:00:00,-5.79,551.4,0,-124689.84,0,0
2016-12-20 16:00:00,-6.36,549.07,0,-232376.52,0,0
2016-12-21 16:00:00,-5.52,554.8,572439.72,0,0,0
2016-12-22 16:00:00,-5.6,550.97,0,-382456.54,0,-18903490
2016-12-23 16:00:00,-6.4,540.02,0,-1095777.76,0,0
2016-12-26 16:00:00,-5.98,544.21,419810.96,0,0,0
2016-12-27 16:00:00,-6.15,543.25,0,-96058.44,0,0
2016-12-28 16:00:00,-6.56,538.95,0,-430484.12,0,0
2016-12-29 16:00:00,-6.68,538.13,0,-82051.7,0,-30276197.2
2016-12-30 16:00:00,-6.33,538.13,0,0,0,0
2017-01-03 16:00:00,-5.42,538.13,0,0,0,0
2017-01-04 16:00:00,-4.68,538.13,0,0,0,0
2017-01-05 16:00:00,-4.7,530.63,0,-749747.35,57985033.92,0
2017-01-06 16:00:00,-5.26,523.38,0,-725203.5,40811451.12,-57180882.88
2017-01-09 16:00:00,-4.81,528.02,463766.49,0,0,0
2017-01-10 16:00:00,-4.96,534.2,618355.32,0,0,0
2017-01-11 16:00:00,-5.64,523.38,0,-1082121.81,0,0
2017-01-12 16:00:00,-6.11,522.34,0,-103780.63,0,-40193095.8
2017-01-13 16:00:00,-6.05,522.34,0,0,0,0
2017-01-16 16:00:00,-6.06,522.34,0,0,0,0
2017-01-17 16:00:00,-5.87,522.34,0,0,0,0
2017-01-18 16:00:00,-5.5,512.71,0,-963302.37,44191483.4,0
2017-01-19 16:00:00,-5.78,511.43,0,-128061.68,0,-37478462
2017-01-20 16:00:00,-5.06,512.39,96141.12,0,0,0
2017-01-23 16:00:00,-4.8,513.29,90485.76,0,0,0
2017-01-24 16:00:00,-4.79,511.86,0,-143269.12,0,0
2017-01-25 16:00:00,-4.47,514.35,248835.84,0,0,0
2017-01-26 16:00:00,-4.12,512.49,0,-185897.77,61497276,-5970175.04
2017-02-03 16:00:00,-4.79,496.17,0,-1631926.84,61321650,-61420260
2017-02-06 16:00:00,-4.54,508.83,1265550,0,0,0
2017-02-07 16:00:00,-4.75,498.47,0,-1035450,0,0
2017-02-08 16:00:00,-4.26,499.62,115050,0,0,0
2017-02-09 16:00:00,-3.89,495.78,0,-384474.09,0,-59749300
2017-02-10 16:00:00,-3.4,483.58,0,-1219207.79,59652649,0
2017-02-13 16:00:00,-2.76,490.34,675738,0,0,0
2017-02-14 16:00:00,-2.77,486.59,0,-375410,0,0
2017-02-15 16:00:00,-3.17,473.07,0,-1351476,0,0
2017-02-16 16:00:00,-2.63,467.45,0,-562018.8,0,-56912156
2017-02-17 16:00:00,-3.18,467.45,0,0,0,0
2017-02-20 16:00:00,-1.76,467.45,0,0,0,0
2017-02-21 16:00:00,-1.44,467.45,0,0,0,0
2017-02-22 16:00:00,-1.24,462.06,0,-539019.98,56809923,0
2017-02-23 16:00:00,-1.71,459.11,0,-295367.1,0,-56065464
2017-02-24 16:00:00,-1.69,461.67,256456.06,0,55973145,0
2017-02-27 16:00:00,-2.48,447.41,0,-1426013,0,0
2017-02-28 16:00:00,-2.29,453.05,563574,0,0,0
2017-03-01 16:00:00,-2.13,468.42,1537020,0,0,0
2017-03-02 16:00:00,-2.79,464.7,0,-372473.74,0,-56622109
2017-03-03 16:00:00,-3,464.7,0,0,0,0
2017-03-06 16:00:00,-2.47,468.83,413739.97,0,56516755,0
2017-03-07 16:00:00,-2.26,476.01,717825,0,0,0
2017-03-08 16:00:00,-2.4,475.05,0,-95710,0,0
2017-03-09 16:00:00,-3.02,474.31,0,-74840.43,0,-57569565
2017-03-10 16:00:00,-2.99,461.82,0,-1248023.43,57494775,0
2017-03-13 16:00:00,-2.14,452.76,0,-906175,0,0
2017-03-14 16:00:00,-2.18,484.82,3205425,0,0,0
2017-03-15 16:00:00,-1.98,472.51,0,-1230775,0,0
2017-03-16 16:00:00,-1.48,471.76,0,-74532.22,0,-57332475
2017-03-17 16:00:00,-2.49,459.58,0,-1218631.78,57245940,0
2017-03-20 16:00:00,-2.38,459.34,0,-23558,0,0
2017-03-21 16:00:00,-1.91,463.82,447602,0,0,0
2017-03-22 16:00:00,-2.37,462.4,0,-141348,0,0
2017-03-23 16:00:00,-2.03,461.67,0,-73225.33,0,-56327178
2017-03-24 16:00:00,-1.25,477.99,1631530.96,0,56246795,0
2017-03-27 16:00:00,-1.58,482.01,402050,0,0,0
2017-03-28 16:00:00,-1.81,476.78,0,-522665,0,0
2017-03-29 16:00:00,-1.94,489.65,1286560,0,0,0
2017-03-30 16:00:00,-2.74,484.46,0,-518459.56,0,-58618890
2017-03-31 16:00:00,-2.2,505.1,2063955.82,0,58527276,0
2017-04-05 16:00:00,-0.84,509.18,408140,0,0,0
2017-04-06 16:00:00,-0.56,507.55,0,-163256,0,0
2017-04-07 16:00:00,-0.46,520.76,1320621.54,0,60808566,-60935302
2017-04-10 16:00:00,-0.81,503.79,0,-1696266,0,0
2017-04-11 16:00:00,-0.46,503.79,0,0,0,0
2017-04-12 16:00:00,-0.69,507.91,411216,0,0,0
2017-04-13 16:00:00,-0.54,505.86,0,-205041.08,0,-41975715.9
2017-04-14 16:00:00,-1.34,500.45,0,-540244.7,0,0
2017-04-17 16:00:00,-1.52,503.16,270122.35,0,0,0
2017-04-18 16:00:00,-2.01,505.06,190674.6,0,0,0
2017-04-19 16:00:00,-2.49,501.73,0,-333680.55,0,0
2017-04-20 16:00:00,-2.04,501.65,0,-7947.95,0,-18336540.7
2017-04-21 16:00:00,-1.89,503.25,160088.63,0,22617842.52,0
2017-04-24 16:00:00,-2.9,500.49,0,-275983.89,0,0
2017-04-25 16:00:00,-2.62,502.8,231056.28,0,0,0
2017-04-26 16:00:00,-2.51,504.53,173292.21,0,0,0
2017-04-27 16:00:00,-2.46,502.5,0,-202853.94,0,-22739788.89
2017-04-28 16:00:00,-2.66,500.24,0,-226452.06,39091791.78,0
2017-05-02 16:00:00,-3.03,498.93,0,-131220.54,0,0
2017-05-03 16:00:00,-3.41,500.24,131220.54,0,0,0
2017-05-04 16:00:00,-3.66,490.81,0,-942402.06,0,0
2017-05-05 16:00:00,-4.28,478.98,0,-1183325.49,48098152.5,-37982381.76
2017-05-08 16:00:00,-4.95,461.27,0,-1770978,0,0
2017-05-09 16:00:00,-5.13,458.86,0,-241497,0,0
2017-05-10 16:00:00,-5.55,455.23,0,-362245.5,0,0
2017-05-11 16:00:00,-5.01,452.64,0,-258908.93,0,-44354949
2017-05-12 16:00:00,-4.2,452.64,0,0,0,0
2017-05-15 16:00:00,-3.81,448.86,0,-378193.26,55324188,0
2017-05-16 16:00:00,-2.97,463.93,1506650,0,0,0
2017-05-17 16:00:00,-3.5,462.12,0,-180798,0,0
2017-05-18 16:00:00,-3.84,462.02,0,-10203.85,0,-41201283.97
2017-05-19 16:00:00,-3.67,464.26,224155.82,0,0,0
2017-05-22 16:00:00,-3.47,458.34,0,-592411.81,0,0
2017-05-23 16:00:00,-3.1,458.82,48033.39,0,0,0
2017-05-24 16:00:00,-3.1,461.54,272189.21,0,0,0
2017-05-25 16:00:00,-1.36,460.22,0,-131539.44,0,-14970406.55
2017-05-26 16:00:00,-1.51,460.22,0,0,0,0
2017-05-31 16:00:00,-1.16,460.22,0,0,0,0
2017-06-01 16:00:00,-1.02,460.22,0,0,0,0
2017-06-02 16:00:00,-1.34,460.22,0,0,0,0
2017-06-05 16:00:00,-1.84,460.22,0,0,0,0
2017-06-06 16:00:00,-1.16,460.22,0,0,0,0
2017-06-07 16:00:00,0,478.09,1786874.66,0,56084460,0
2017-06-08 16:00:00,0.77,469.82,0,-826774.75,0,-53631337.37
2017-06-09 16:00:00,1.2,469.89,6524.55,0,0,0
2017-06-12 16:00:00,1.15,468.34,0,-155284.29,0,0
2017-06-13 16:00:00,1.37,468.7,36537.48,0,0,0
2017-06-14 16:00:00,0.05,466.82,0,-187907.04,0,0
2017-06-15 16:00:00,-0.14,466.82,0,-249.89,0,-3203554.05
2017-06-16 16:00:00,-0.42,466.82,0,0,0,0
2017-06-19 16:00:00,0.56,466.82,0,0,0,0
2017-06-20 16:00:00,0.36,466.82,0,0,0,0
2017-06-21 16:00:00,1.54,466.82,0,0,0,0
2017-06-22 16:00:00,1.6,466.82,0,0,0,0
2017-06-23 16:00:00,2.52,473.09,626937.83,0,56348121.63,0
2017-06-26 16:00:00,3.8,477.86,476920.2,0,0,0
2017-06-27 16:00:00,3.99,489.3,1144608.48,0,0,0
2017-06-28 16:00:00,3.18,477.38,0,-1192300.5,0,0
2017-06-29 16:00:00,3.82,477.77,39212.6,0,0,-32156918.25
2017-06-30 16:00:00,3.77,481.02,325074.06,0,0,0
2017-07-03 16:00:00,3.31,484.9,387991.62,0,0,0
2017-07-04 16:00:00,2.44,483.54,0,-136321.38,0,0
2017-07-05 16:00:00,3.56,485.32,178266.42,0,0,0
2017-07-06 16:00:00,3.58,485.09,0,-23457.76,0,-26110787.4
2017-07-07 16:00:00,3.46,485.09,0,0,0,0
2017-07-10 16:00:00,3.4,484.56,0,-52420.34,58577807,0
2017-07-11 16:00:00,3.88,461.91,0,-2265055,0,0
2017-07-12 16:00:00,3.54,502.34,4042252,0,0,0
2017-07-13 16:00:00,4.34,502.34,0,0,0,0
2017-07-14 16:00:00,4.79,502.34,0,0,0,0
2017-07-17 16:00:00,3.67,502.34,0,0,0,0
2017-07-18 16:00:00,3.78,502.34,0,0,0,0
2017-07-19 16:00:00,5.55,502.34,0,0,0,0
2017-07-20 16:00:00,6.06,502.34,0,0,0,0
2017-07-21 16:00:00,5.52,502.34,0,0,0,0
2017-07-24 16:00:00,5.94,502.34,0,0,0,0
2017-07-25 16:00:00,5.26,502.34,0,0,0,0
2017-07-26 16:00:00,4.86,502.34,0,0,0,0
2017-07-27 16:00:00,5.05,502.34,0,0,0,0
2017-07-28 16:00:00,5.33,502.34,0,0,0,0
2017-07-31 16:00:00,5.78,502.34,0,0,0,0
2017-08-01 16:00:00,6.7,502.34,0,0,0,0
2017-08-02 16:00:00,6.43,502.34,0,0,0,0
2017-08-03 16:00:00,5.49,502.34,0,0,0,0
2017-08-04 16:00:00,4.92,502.34,0,0,0,0
2017-08-07 16:00:00,5.46,502.34,0,0,0,0
2017-08-08 16:00:00,5.62,502.34,0,0,0,0
2017-08-09 16:00:00,5.58,502.34,0,0,0,0
2017-08-10 16:00:00,5.16,502.34,0,0,0,0
2017-08-11 16:00:00,3.22,502.34,0,0,0,0
2017-08-14 16:00:00,4.56,502.34,0,0,0,0
2017-08-15 16:00:00,4.88,502.34,0,0,0,0
2017-08-16 16:00:00,4.75,502.34,0,0,0,0
2017-08-17 16:00:00,5.31,502.34,0,0,0,0
2017-08-18 16:00:00,5.4,502.34,0,0,0,0
2017-08-21 16:00:00,5.87,502.34,0,0,0,0
2017-08-22 16:00:00,6.19,502.34,0,0,0,0
2017-08-23 16:00:00,6.29,502.34,0,0,0,0
2017-08-24 16:00:00,5.69,502.34,0,0,0,0
2017-08-25 16:00:00,7.42,502.34,0,0,0,0
2017-08-28 16:00:00,8.74,502.34,0,0,0,0
2017-08-29 16:00:00,8.51,502.34,0,0,0,0
2017-08-30 16:00:00,8.51,502.34,0,0,0,0
2017-08-31 16:00:00,8.16,502.34,0,0,0,0
2017-09-01 16:00:00,8.4,502.34,0,0,0,0
2017-09-04 16:00:00,8.83,502.34,0,0,0,0
2017-09-05 16:00:00,9.15,502.34,0,0,0,0
2017-09-06 16:00:00,8.94,502.34,0,0,0,0
2017-09-07 16:00:00,8.38,502.34,0,0,0,0
2017-09-08 16:00:00,8.27,502.34,0,0,0,0
2017-09-11 16:00:00,8.26,502.34,0,0,0,0
2017-09-12 16:00:00,8.61,502.34,0,0,0,0
2017-09-13 16:00:00,8.74,502.34,0,0,0,0
2017-09-14 16:00:00,8.38,502.34,0,0,0,0
2017-09-15 16:00:00,8.42,502.34,0,0,0,0
2017-09-18 16:00:00,8.76,502.34,0,0,0,0
2017-09-19 16:00:00,8.44,502.34,0,0,0,0
2017-09-20 16:00:00,8.74,502.34,0,0,0,0
2017-09-21 16:00:00,8.61,502.34,0,0,0,0
2017-09-22 16:00:00,8.6,502.34,0,0,0,0
2017-09-25 16:00:00,8.04,502.34,0,0,0,0
2017-09-26 16:00:00,8.12,502.34,0,0,0,0
2017-09-27 16:00:00,8.14,502.34,0,0,0,0
2017-09-28 16:00:00,8.17,502.34,0,0,0,0
2017-09-29 16:00:00,8.57,502.34,0,0,0,0
2017-10-09 16:00:00,9.86,502.34,0,0,0,0
2017-10-10 16:00:00,10.08,502.34,0,0,0,0
2017-10-11 16:00:00,10.44,502.34,0,0,0,0
2017-10-12 16:00:00,10.73,502.34,0,0,0,0
2017-10-13 16:00:00,10.96,502.34,0,0,0,0
2017-10-16 16:00:00,10.75,502.34,0,0,0,0
2017-10-17 16:00:00,10.74,502.34,0,0,0,0
2017-10-18 16:00:00,11.62,502.34,0,0,0,0
2017-10-19 16:00:00,11.25,502.34,0,0,0,0
2017-10-20 16:00:00,11.13,502.34,0,0,0,0
2017-10-23 16:00:00,11.24,502.34,0,0,0,0
2017-10-24 16:00:00,12.05,502.34,0,0,0,0
2017-10-25 16:00:00,12.54,502.34,0,0,0,0
2017-10-26 16:00:00,13.01,502.34,0,0,0,0
2017-10-27 16:00:00,13.82,502.34,0,0,0,0
2017-10-30 16:00:00,13.47,502.34,0,0,0,0
2017-10-31 16:00:00,13.39,502.34,0,0,0,0
2017-11-01 16:00:00,13.1,502.34,0,0,0,0
2017-11-02 16:00:00,13.11,502.34,0,0,0,0
2017-11-03 16:00:00,12.99,502.34,0,0,0,0
2017-11-06 16:00:00,13.79,502.34,0,0,0,0
2017-11-07 16:00:00,14.73,502.34,0,0,0,0
2017-11-08 16:00:00,14.55,502.34,0,0,0,0
2017-11-09 16:00:00,15.34,502.34,0,0,0,0
2017-11-10 16:00:00,16.36,502.34,0,0,0,0
2017-11-13 16:00:00,16.82,502.34,0,0,0,0
2017-11-14 16:00:00,16.01,502.34,0,0,0,0
2017-11-15 16:00:00,15.28,502.34,0,0,0,0
2017-11-16 16:00:00,16.17,502.34,0,0,0,0
2017-11-17 16:00:00,16.62,502.34,0,0,0,0
2017-11-20 16:00:00,17.27,502.34,0,0,0,0
2017-11-21 16:00:00,19.36,502.34,0,0,0,0
2017-11-22 16:00:00,19.64,502.34,0,0,0,0
2017-11-23 16:00:00,16.09,502.34,0,0,0,0
2017-11-24 16:00:00,16.14,502.34,0,0,0,0
2017-11-27 16:00:00,14.61,502.34,0,0,0,0
2017-11-28 16:00:00,14.78,502.34,0,0,0,0
2017-11-29 16:00:00,14.72,502.34,0,0,0,0
2017-11-30 16:00:00,13.37,502.34,0,0,0,0
2017-12-01 16:00:00,13.14,502.34,0,0,0,0
2017-12-04 16:00:00,13.73,502.34,0,0,0,0
2017-12-05 16:00:00,14.33,502.34,0,0,0,0
2017-12-06 16:00:00,13.64,502.34,0,0,0,0
2017-12-07 16:00:00,12.38,502.34,0,0,0,0
2017-12-08 16:00:00,13.29,502.34,0,0,0,0
2017-12-11 16:00:00,15.16,502.34,0,0,0,0
2017-12-12 16:00:00,13.65,502.34,0,0,0,0
2017-12-13 16:00:00,14.61,502.34,0,0,0,0
2017-12-14 16:00:00,13.94,502.34,0,0,0,0
2017-12-15 16:00:00,12.65,502.34,0,0,0,0
2017-12-18 16:00:00,12.78,502.34,0,0,0,0
2017-12-19 16:00:00,14.2,502.34,0,0,0,0
2017-12-20 16:00:00,14.06,502.34,0,0,0,0
2017-12-21 16:00:00,15.12,502.34,0,0,0,0
2017-12-22 16:00:00,14.74,502.34,0,0,0,0
2017-12-25 16:00:00,14.37,502.34,0,0,0,0
2017-12-26 16:00:00,14.71,502.34,0,0,0,0
2017-12-27 16:00:00,12.95,502.34,0,0,0,0
2017-12-28 16:00:00,13.73,502.34,0,0,0,0
2017-12-29 16:00:00,14.07,502.34,0,0,0,0
2018-01-02 16:00:00,15.67,502.34,0,0,0,0
2018-01-03 16:00:00,16.35,502.34,0,0,0,0
2018-01-04 16:00:00,16.84,502.34,0,0,0,0
2018-01-05 16:00:00,17.12,502.34,0,0,0,0
2018-01-08 16:00:00,17.73,502.34,0,0,0,0
2018-01-09 16:00:00,18.55,502.34,0,0,0,0
2018-01-10 16:00:00,19.08,502.34,0,0,0,0
2018-01-11 16:00:00,19.01,502.34,0,0,0,0
2018-01-12 16:00:00,19.56,502.34,0,0,0,0
2018-01-15 16:00:00,19.57,502.34,0,0,0,0
2018-01-16 16:00:00,20.51,502.34,0,0,0,0
2018-01-17 16:00:00,20.22,502.34,0,0,0,0
2018-01-18 16:00:00,20.88,502.34,0,0,0,0
2018-01-19 16:00:00,21.27,502.34,0,0,0,0
2018-01-22 16:00:00,22.72,502.34,0,0,0,0
2018-01-23 16:00:00,24.02,502.34,0,0,0,0
2018-01-24 16:00:00,24.23,442.05,0,-6028531,0,0
2018-01-25 16:00:00,23.53,393.27,0,-4878580,0,0
2018-01-26 16:00:00,23.99,379.33,0,-1393880,0,0
2018-01-29 16:00:00,21.74,376.89,0,-243929,0,0
2018-01-30 16:00:00,20.44,353.19,0,-2369596,0,0
2018-01-31 16:00:00,21,324.27,0,-2892301,0,0
2018-02-01 16:00:00,20.15,324.06,0,-20465.64,0,-42548187
2018-02-02 16:00:00,20.87,324.06,0,0,0,0
2018-02-05 16:00:00,20.95,324.06,0,0,0,0
2018-02-06 16:00:00,17.41,323.95,0,-11578.59,9251953,0
2018-02-07 16:00:00,14.62,329.23,528180,0,0,0
2018-02-08 16:00:00,13.54,322.16,0,-707235.66,0,-9075893
2018-02-09 16:00:00,8.69,324.94,278698.86,0,13794745.52,0
2018-02-12 16:00:00,10.09,330.6,565674.56,0,0,0
2018-02-13 16:00:00,11.37,332.14,154274.88,0,0,0
2018-02-14 16:00:00,12.26,316.47,0,-1567817.35,43325724,-14874669.68
2018-02-22 16:00:00,14.69,326.14,967572,0,0,0
2018-02-23 16:00:00,15.21,324.35,0,-179295.6,0,-35206619
2018-02-26 16:00:00,16.55,327.4,305085,0,0,0
2018-02-27 16:00:00,14.86,328.14,73960,0,0,0
2018-02-28 16:00:00,13.86,333.69,554700,0,0,0
2018-03-01 16:00:00,14.58,331.73,0,-195416.19,0,-8089375
2018-03-02 16:00:00,13.66,325.02,0,-670794.52,43221736,0
2018-03-05 16:00:00,13.71,342.32,1729844,0,0,0
2018-03-06 16:00:00,15.08,361.33,1900392,0,0,0
2018-03-07 16:00:00,14.23,350.61,0,-1072016,0,0
2018-03-08 16:00:00,15.39,348.07,0,-253317.38,0,-44927216
2018-03-09 16:00:00,16.28,352.47,440179.26,0,44869120,0
2018-03-12 16:00:00,16.81,361.34,886660,0,0,0
2018-03-13 16:00:00,15.78,339.28,0,-2206340,0,0
2018-03-14 16:00:00,15.27,331.44,0,-783560,0,0
2018-03-15 16:00:00,15.92,321.61,0,-982879.11,0,-42291620
2018-03-16 16:00:00,14.79,321.61,0,0,0,0
2018-03-19 16:00:00,15.3,321.61,0,0,0,0
2018-03-20 16:00:00,15.39,321.61,0,0,0,0
2018-03-21 16:00:00,14.92,321.61,0,0,0,0
2018-03-22 16:00:00,13.77,321.61,0,0,0,0
2018-03-23 16:00:00,10.51,321.61,0,0,0,0
2018-03-26 16:00:00,9.8,321.61,0,0,0,0
2018-03-27 16:00:00,10.74,321.61,0,0,0,0
2018-03-28 16:00:00,8.74,321.61,0,0,0,0
2018-03-29 16:00:00,10.2,321.61,0,0,0,0
2018-03-30 16:00:00,10.32,313.87,0,-774599.01,42206692,0
2018-04-02 16:00:00,10,332.34,1847120,0,0,0
2018-04-03 16:00:00,9.3,311.1,0,-2124188,0,0
2018-04-04 16:00:00,9.09,301.69,0,-940421.22,40848000,-40913708
2018-04-09 16:00:00,9.03,295.71,0,-598000,0,0
2018-04-10 16:00:00,11.13,268.57,0,-2714000,0,0
2018-04-11 16:00:00,11.45,269.95,138000,0,0,0
2018-04-12 16:00:00,10.33,267.86,0,-208959.6,0,-36892000
2018-04-13 16:00:00,9.55,267.86,0,0,0,0
2018-04-16 16:00:00,7.79,267.86,0,0,0,0
2018-04-17 16:00:00,6.08,267.86,0,0,0,0
2018-04-18 16:00:00,6.58,267.86,0,0,0,0
2018-04-19 16:00:00,7.87,267.86,0,0,0,0
2018-04-20 16:00:00,6.43,267.86,0,0,0,0
2018-04-23 16:00:00,6.58,267.86,0,0,0,0
2018-04-24 16:00:00,8.77,267.86,0,0,0,0
2018-04-25 16:00:00,8.35,272.01,414585.08,0,26210151.37,0
2018-04-26 16:00:00,6.28,270.74,0,-126426.52,0,-23540078.08
2018-04-27 16:00:00,6.32,270.77,2110.35,0,0,0
2018-05-02 16:00:00,6.51,267.77,0,-299669.7,0,0
2018-05-03 16:00:00,7.34,267.85,8441.4,0,0,0
2018-05-04 16:00:00,6.82,267.7,0,-15765.9,7421456,-2705468.7
2018-05-07 16:00:00,8.5,260.26,0,-743728,0,0
2018-05-08 16:00:00,9.76,260.26,0,0,0,0
2018-05-09 16:00:00,9.56,260.26,0,0,0,0
2018-05-10 16:00:00,10.17,260.26,0,0,0,0
2018-05-11 16:00:00,9.6,260.26,0,0,0,0
2018-05-14 16:00:00,10.63,260.26,0,0,0,0
2018-05-15 16:00:00,11.05,261.84,158240,0,0,0
2018-05-16 16:00:00,10.16,258.99,0,-284832,0,0
2018-05-17 16:00:00,9.35,258.12,0,-87523.34,0,-6464104
2018-05-18 16:00:00,10.45,258.12,0,0,0,0
2018-05-21 16:00:00,10.97,258.12,0,0,0,0
2018-05-22 16:00:00,10.54,258.12,0,0,0,0
2018-05-23 16:00:00,9.08,258.12,0,0,0,0
2018-05-24 16:00:00,8.31,258.12,0,0,0,0
2018-05-25 16:00:00,8,258.12,0,0,0,0
2018-05-28 16:00:00,8.48,258.12,0,0,0,0
2018-05-29 16:00:00,7.65,258.12,0,0,0,0
2018-05-30 16:00:00,5.37,258.12,0,0,0,0
2018-05-31 16:00:00,7.6,258.12,0,0,0,0
2018-06-01 16:00:00,6.7,258.12,0,0,0,0
2018-06-04 16:00:00,7.75,258.12,0,0,0,0
2018-06-05 16:00:00,8.82,277.19,1907728.69,0,35854353,0
2018-06-06 16:00:00,8.59,273.78,0,-341064,0,0
2018-06-07 16:00:00,8.41,273.1,0,-68058.35,0,-36717960
2018-06-08 16:00:00,6.96,273.14,4065,0,0,0
2018-06-11 16:00:00,6.97,273.03,0,-11382,0,0
2018-06-12 16:00:00,8.27,272.92,0,-11382,0,0
2018-06-13 16:00:00,7.21,272.71,0,-20325,0,0
2018-06-14 16:00:00,6.78,272.66,0,-5722.46,0,-649587
2018-06-15 16:00:00,6.22,272.66,0,0,0,0
2018-06-19 16:00:00,2.47,272.66,0,0,0,0
2018-06-20 16:00:00,2.88,272.66,0,0,0,0
2018-06-21 16:00:00,1.68,272.66,0,0,0,0
2018-06-22 16:00:00,2.13,272.66,0,0,0,0
2018-06-25 16:00:00,0.76,272.63,0,-2573.34,1841131,0
2018-06-26 16:00:00,-0.07,270.79,0,-183911,0,0
2018-06-27 16:00:00,-2.11,269.13,0,-165722,0,0
2018-06-28 16:00:00,-3.12,268.99,0,-14147,0,0
2018-06-29 16:00:00,-0.64,269.28,28294,0,0,0
2018-07-02 16:00:00,-3.56,270.77,149554,0,0,0
2018-07-03 16:00:00,-3.52,271.96,119239,0,0,0
2018-07-04 16:00:00,-4.81,270.21,0,-175827,0,0
2018-07-05 16:00:00,-5.41,269.82,0,-38406.28,0,-1560212
2018-07-06 16:00:00,-4.77,269.82,0,0,0,0
2018-07-09 16:00:00,-2.11,269.82,0,0,0,0
2018-07-10 16:00:00,-1.87,269.82,0,0,0,0
2018-07-11 16:00:00,-3.57,254.47,0,-1534693.57,36981903,0
2018-07-12 16:00:00,-1.49,255.4,92233.14,0,0,-35596813
2018-07-13 16:00:00,-1.16,255.4,0,0,0,0
2018-07-16 16:00:00,-1.74,255.4,0,0,0,0
2018-07-17 16:00:00,-2.39,255.24,0,-15669.38,7741260,0
2018-07-18 16:00:00,-2.9,258.58,333675,0,0,0
2018-07-19 16:00:00,-2.98,253.41,0,-517006.72,0,-7554402
2018-07-20 16:00:00,-1.16,253.41,0,0,0,0
2018-07-23 16:00:00,-0.23,253.41,0,0,0,0
2018-07-24 16:00:00,1.36,253.41,0,0,0,0
2018-07-25 16:00:00,1.25,259,559389,0,35370000,0
2018-07-26 16:00:00,0.07,251.04,0,-795747,0,-35190000
2018-07-27 16:00:00,-0.35,251.04,0,0,0,0
2018-07-30 16:00:00,-0.53,251.04,0,0,0,0
